1ssq,1.85,2004,6.0,1e-06,1ssq.pdf,(CYS)
1u33,1.95,2004,4.6,2.5e-05,1u33.pdf,(LM2)
6ipm,1.72,2019,3.69,0.000206,6aec.pdf,(DCP)
2j4k,2.20,2007,4.85,1.4e-05,2j4k.pdf,(U5P)
3vd7,2.87,2012,4.48,3.3e-05,3vd4.pdf,(GTZ)
1k1j,2.20,2001,7.55,2.8e-08,1k1j.pdf,(FD2)
2y4l,2.80,2011,6.3,5e-07,2y4j.pdf,(GDP)
1utm,1.50,2004,3.01,0.000972,1utm.pdf,(PEA)
3l2y,2.70,2010,4.49,3.207e-05,3kqr.pdf,(OPE)
5obr,2.62,2017,5.36,4.4e-06,5obj.pdf,(9QT)
2bq7,2.20,2006,7.05,8.9e-08,2bq7.pdf,(IID)
4hso,2.10,2013,4.66,2.2e-05,4hsn.pdf,(TYR)
6rhe,3.10,2019,4.13,7.4e-05,6rhe.pdf,(6-mer)
6hq7,2.46,2019,6.11,7.69e-07,6hq3.pdf,(PCG)
4wz6,2.05,2015,5.6,2.5e-06,4wz6.pdf,(ATP)
1gz3,2.30,2003,3.7,0.0002,1gz3.pdf,(ATP)
1rql,2.40,2004,2.75,0.00179,1rql.pdf,(VSO)
2jdu,1.5,2007,6.72,1.9e-07,2jdu.pdf,(MFU)
4jne,1.96,2013,5.86,1.38e-06,4jn4.pdf,(ATP)
6ipk,2.15,2019,5.17,6.7e-06,6aec.pdf,(8DG)
2am4,1.7,2006,3.72,0.00019,2am4.pdf,(U2F)
5nkk,2.64,2017,5.0,1e-05,5nkk.pdf,(GDP)
1caq,1.80,1999,7.72,1.9e-08,1caq.pdf,(DPS)
5u51,2.80,2017,4.92,1.2e-05,5u51.pdf,(G4P)
6p84,1.7,2019,4.81,1.56e-05,6p83.pdf,(O3V)
1f0t,1.8,2000,6.0,1e-06,1f0t.pdf,(PR1)
1tnl,1.90,1994,1.88,0.0133,1tnl.pdf,(TPA)
1w2k,3.00,2005,6.46,3.5e-07,1w2k.pdf,(380)
2j7h,1.95,2006,7.19,6.5e-08,2j7h.pdf,(AZF)
2hf8,2.10,2006,5.47,3.4e-06,2hf8.pdf,(GSP)
1ew9,2.00,2002,3.22,0.0006,1ew9.pdf,(MMQ)
4omd,2.70,2014,9.01,9.77e-10,4omc.pdf,(5-mer)
4lhv,1.95,2013,10.0,1e-10,4lhv.pdf,(GDP)
4z2b,1.8,2015,7.76,1.75e-08,4z2b.pdf,(4LC)
5xs8,1.95,2018,5.41,3.86e-06,5xs8.pdf,(2-mer)
2vmd,1.9,2008,3.02,0.00095,2vmc.pdf,(MBG)
3lpl,2.1,2010,5.62,2.39e-06,3lpl.pdf,(TDP)
1o5g,1.75,2004,4.96,1.1e-05,1o5g.pdf,(CR9)
5ost,2.1,2018,4.56,2.73e-05,5oss.pdf,(AEZ)
4ipi,1.75,2013,5.32,4.8e-06,4ipi.pdf,(LMR)
1f2o,1.70,2001,1.91,0.0124,1f2o.pdf,(LEU)
3elm,1.90,2009,9.72,1.9e-10,3elm.pdf,(24F)
4rab,2.26,2015,7.4,4e-08,4rab.pdf,(3L3)
2xj7,2.0,2010,6.66,2.2e-07,2xj7.pdf,(GC2)
1h5v,1.1,2002,3.93,0.000117,1h5v.pdf,(5-mer)
6b2q,2.88,2018,8.05,9e-09,6b2p.pdf,(CJJ)
1gi1,1.42,2002,5.47,3.4e-06,1gi1.pdf,(BMZ)
5k0h,2.2,2016,7.09,8.1e-08,5k0h.pdf,(6PK)
1e37,1.75,2000,3.7,0.0002,1e37.pdf,(TPY)
1ajq,2.05,1997,4.31,4.9000000000000005e-05,1ajq.pdf,(SPA)
6eq8,2.19,2018,8.0,1e-08,6epy.pdf,(BQZ)
4fl2,2.19,2012,3.66,0.00022,4fl1.pdf,(ANP)
4r5x,1.85,2014,5.26,5.5e-06,4r5t.pdf,(R5X)
4a51,2.75,2012,6.73,1.858e-07,4a50.pdf,(DQ8)
4bbh,1.63,2012,7.1,8e-08,4bbh.pdf,(YBN)
1mmp,2.30,1996,6.07,8.5e-07,1mmp.pdf,(RSS)
1bjr,2.44,1998,7.68,2.1e-08,1bjr.pdf,(10-mer)
5dk4,1.90,2015,8.7,2e-09,5dk4.pdf,(5BX)
3exf,3.00,2008,6.54,2.9e-07,3exe.pdf,(TPP)
1g2l,1.90,2001,7.24,5.7e-08,1g2l.pdf,(T87)
1yid,2.40,2005,5.0,1e-05,1yid.pdf,(ATP)
6m9f,1.30,2018,8.22,6e-09,1kdz.pdf,(4-mer)
3ljg,1.31,2010,7.73,1.86e-08,3lik.pdf,(EEF)
5os4,1.88,2017,2.78,0.001665,5orl.pdf,(A8H)
4k5p,1.85,2013,3.46,0.000345,4k3n.pdf,(1OS)
6fa3,1.82,2018,7.42,3.8e-08,5ocg.pdf,(D1Z)
2o9j,2.65,2007,6.92,1.2e-07,2o9j.pdf,(CZA)
1gww,1.80,2003,3.59,0.000258,1gww.pdf,(UDP)
1puq,NMR,2003,7.28,5.2e-08,1puq.pdf,(8OG)
4caf,1.70,2014,7.12,7.5e-08,4cae.pdf,(370)
4emt,1.50,2012,5.3,5e-06,4emt.pdf,(C2E)
4p4s,3.30,2014,4.94,1.15e-05,4p4s.pdf,(GCP)
6np3,1.15,2019,6.47,3.400000000000001e-07,6np2.pdf,(LLL)
5est,2.09,1992,6.52,3e-07,5est.pdf,(0P2)
1atr,2.34,1993,6.96,1.1e-07,1atr.pdf,(ADP)
3hu1,2.81,2010,6.89,1.3e-07,3hu1.pdf,(AGS)
2vh0,1.7,2008,8.51,3.1e-09,2vh0.pdf,(GSI)
5t2t,1.97,2017,6.29,5.1e-07,5ltn.pdf,(0N8)
3i3d,2.20,2010,1.99,0.0103,3i3b.pdf,(IPT)
2jdk,1.10,2007,6.54,2.9e-07,2jdh.pdf,(3-mer)
1xug,1.50,1998,7.05,9e-08,1xug.pdf,(BAB)
3usn,NMR,1999,6.15,7.1e-07,3usn.pdf,(ATT)
3iqj,1.15,2010,4.93,1.17e-05,3iqj.pdf,(10-mer)
4n98,1.70,2013,3.55,0.00028,4n94.pdf,(4FC)
5ort,2.56,2017,3.05,0.000894,5orl.pdf,(A5Z)
5mn1,0.79,2017,2.48,0.0033,5mn1.pdf,(2AP)
5os0,1.74,2017,2.55,0.002792,5orl.pdf,(A6Z)
4ido,2.09,2013,4.93,1.163e-05,4idn.pdf,(GDP)
4ywa,1.19,2015,7.55,2.8e-08,4yw6.pdf,(4J9)
1nnb,2.80,1994,5.0,1e-05,1nnb.pdf,(DAN)
1ru2,1.48,2004,6.49,3.2e-07,1ru2.pdf,(APC)
3d7m,2.90,2009,6.44,3.6e-07,3d7m.pdf,(GDP)
2hqu,2.20,2007,5.14,7.2000000000000005e-06,2hqu.pdf,(DUP)
3zvw,2.00,2012,3.9,0.000125,2y4a.pdf,(FP5)
6dq6,1.59,2018,5.07,8.5e-06,6dq4.pdf,(H6J)
2r1x,1.60,2008,4.8,1.6e-05,2r1w.pdf,(2-mer)
5n3v,1.12,2017,4.34,4.524e-05,5mnr.pdf,(8L5)
3f1a,1.25,2008,7.21,6.11e-08,3f15.pdf,(HS7)
5tpc,2.00,2017,3.0,0.001,5tpb.pdf,(6-mer)
5c2a,2.00,2015,8.32,4.8e-09,5c1w.pdf,(4Y2)
5c29,2.05,2015,6.06,8.8e-07,5c1w.pdf,(4XY)
4ufi,2.40,2015,6.2,6.3e-07,4ufh.pdf,(AGK)
5tln,2.30,1982,6.37,4.3e-07,5tln.pdf,(BAN)
1q91,1.60,2004,4.15,7e-05,1q91.pdf,(DPB)
6ghv,2.10,2019,4.28,5.2e-05,6ghv.pdf,(EZ8)
4eon,2.40,2013,6.05,8.900000000000001e-07,4eoi.pdf,(1RO)
3hii,2.15,2009,6.54,2.9e-07,3hig.pdf,(PNT)
1x8j,2.35,2005,6.96,1.1e-07,1x8j.pdf,(AOI)
2o8h,1.8,2007,7.6,2.5e-08,2o8h.pdf,(227)
5ags,1.47,2016,7.4,4e-08,5agr.pdf,(38Y)
4um9,2.50,2014,8.07,8.5e-09,4um8.pdf,(13-mer)
3gy7,1.55,2010,4.52,3e-05,3gy2.pdf,(BEN)
5l2z,1.79,2016,10.22,6e-11,5l2y.pdf,(70C)
1o3k,1.43,2003,6.77,1.7000000000000001e-07,1o3k.pdf,(334)
1f0u,1.90,2000,7.16,6.9e-08,1f0u.pdf,(RPR)
3umq,2.20,2012,4.62,2.4100000000000003e-05,3t2v.pdf,(BUA)
2ynd,1.89,2014,7.49,3.2e-08,2ynd.pdf,(646)
6v5l,NMR,2019,3.65,0.00022417,6v5l.pdf,(QPD)
3qlb,3.26,2011,8.43,3.7e-09,3qlb.pdf,(2-mer)
4ocp,1.94,2014,6.1,8.000000000000001e-07,4ock.pdf,(ADP)
1ax0,1.90,1998,3.13,0.000746,1ax0.pdf,(A2G)
1jaq,2.4,1996,4.48,3.3e-05,1jaq.pdf,(01S)
3mmr,2.14,2010,4.96,1.1e-05,3mmr.pdf,(ABH)
1nj1,2.55,2003,7.6,2.5e-08,1nj1.pdf,(5CA)
4jyu,1.80,2013,8.0,1e-08,4jyu.pdf,(1OK)
5ndf,2.3,2017,5.85,1.4e-06,5ndf.pdf,(LU2)
3sjt,1.60,2011,6.06,8.8e-07,3gmz.pdf,(5AB)
1oyt,1.67,2003,7.24,5.7e-08,1oyt.pdf,(FSN)
2v7a,2.50,2007,8.3,5e-09,2v7a.pdf,(627)
2w68,2.50,2008,4.74,1.8e-05,2w68.pdf,(3-mer)
5nin,1.70,2017,7.12,7.5e-08,5nin.pdf,(16-mer)
1ksn,2.10,2002,9.4,4e-10,1ksn.pdf,(FXV)
3hvk,1.30,2009,8.52,3e-09,3hvk.pdf,(719)
5d2a,2.13,2016,5.59,2.57e-06,5d2a.pdf,(12-mer)
2w08,1.70,2009,3.42,0.00038,2w08.pdf,(TPO)
2yne,1.72,2014,8.57,2.7e-09,2ynd.pdf,(YNE)
5w44,2.1,2018,6.44,3.6e-07,5w44.pdf,(GY6)
5ett,1.55,2016,6.23,5.9e-07,5etk.pdf,(5RY)
2e91,2.14,2007,6.59,2.6e-07,2e8t.pdf,(ZOL)
4x8t,2.20,2015,2.05,0.0089,4x8s.pdf,(3Z8)
6ftw,2.16,2019,6.49,3.2e-07,6ftw.pdf,(E6Z)
3pgl,2.35,2011,5.3,5e-06,3pgl.pdf,(RZX)
4uc5,2.19,2015,5.48,3.3e-06,4uc5.pdf,(PHE)
5g57,1.73,2017,8.4,3.98e-09,5g2b.pdf,(6M5)
3m35,2.20,2010,7.22,6e-08,3m35.pdf,(M35)
5mnx,1.42,2017,2.48,0.0033,5mn1.pdf,(2AP)
966c,1.90,1999,7.64,2.3e-08,966c.pdf,(RS2)
5g1z,1.50,2017,5.32,4.74e-06,5g1z.pdf,(U53)
4a6s,2.15,2012,5.2,6.3e-06,4a6s.pdf,(GS9)
6g01,1.61,2019,7.41,3.9e-08,6g01.pdf,(EEW)
3q7p,2.50,2011,5.8,1.574e-06,3q72.pdf,(GNP)
5kq5,3.41,2016,8.05,9e-09,5kq5.pdf,(STU)
1i6v,3.30,2001,5.0,1e-05,1i6v.pdf,(RFP)
3fsj,1.37,2009,3.95,0.000113,3fsj.pdf,(D7K)
3mfw,1.47,2010,3.52,0.0003,3mfv.pdf,(B3U)
3d2e,2.35,2008,6.42,3.8e-07,3d2e.pdf,(ATP)
4ele,2.35,2013,7.88,1.32e-08,4elb.pdf,(31I)
2w87,1.60,2009,4.65,2.22e-05,2vzq.pdf,(GCU)
1af6,2.40,1998,1.82,0.015,1af6.pdf,(GLC-FRU)
4p5e,1.35,2014,5.55,2.8e-06,4p5d.pdf,(N6P)
2w3o,1.85,2009,6.72,1.9e-07,2w3o.pdf,(8-mer)
4FMN,2.69,2013,6.1,8.000000000000001e-07,4e4w.pdf,(9-mer)
3f80,1.60,2008,4.22,6e-05,3f80.pdf,(6HN)
4oc5,1.70,2014,7.07,8.5e-08,4oc0.pdf,(2QM)
6e4t,3.40,2018,8.05,8.96e-09,6e4t.pdf,(HTV)
6eqw,1.99,2018,10.65,2.2399999999999998e-11,6eqv.pdf,(5-mer)
5m1z,2.00,2016,4.18,6.6e-05,5m1z.pdf,(2-mer)
1qf1,2.0,1999,7.32,4.8e-08,1qf1.pdf,(TI1)
4g5y,1.80,2013,2.77,0.0017,4ddh.pdf,(0OC)
5jxn,1.38,2016,6.41,3.8800000000000003e-07,5js3.pdf,(6NN)
6dq8,1.46,2018,6.59,2.6e-07,6dq4.pdf,(H6S)
5h63,1.92,2017,5.92,1.2e-06,5h60.pdf,(UD1)
2bfr,2.5,2004,5.25,5.63e-06,2bfr.pdf,(ADP)
1rm8,1.80,2004,9.0,1e-09,1rm8.pdf,(BAT)
5ofi,2.00,2017,4.2,6.27e-05,5odu.pdf,(9TQ)
6n5x,2.05,2019,4.6,2.5e-05,6n5x.pdf,(JEF)
5z68,3.00,2018,5.89,1.3e-06,5z68.pdf,(ATP)
6npf,2.57,2019,5.85,1.4e-06,6d3q.pdf,(KVM)
3moe,1.25,2010,4.3,5e-05,3moe.pdf,(SPV)
3k8d,1.90,2009,5.77,1.7e-06,3k8d.pdf,(KDO)
2xzw,1.95,2010,5.29,5.1e-06,2xul.pdf,(AKG)
6egs,2.70,2018,3.59,0.00026,6egs.pdf,(UD2)
3hcm,2.00,2010,3.3,0.0005,3hcm.pdf,(S45)
5c2h,2.09,2015,11.09,8.2e-12,5c1w.pdf,(4XU)
5wdc,2.10,2018,6.4,4.0000000000000003e-07,5w44.pdf,(G2K)
5ywx,1.74,2018,9.85,1.4e-10,5ywx.pdf,(93C)
6ovz,2.02,2019,3.85,0.00014,6ovz.pdf,(N9M)
3gy3,1.70,2010,5.63,2.36e-06,3gy2.pdf,(PNT)
6np5,1.35,2019,4.57,2.7e-05,6np2.pdf,(9CS)
3cyz,1.80,2009,7.22,6e-08,3cyz.pdf,(9OD)
4yes,1.5,2015,8.02,9.6e-09,4yes.pdf,(45S)
6eab,1.85,2018,6.37,4.31e-07,6eab.pdf,(J2D)
3hwx,2.60,2009,7.86,1.39e-08,3hww.pdf,(TPP)
5eou,2.40,2016,5.36,4.3700000000000005e-06,5eou.pdf,(ATP)
1m83,2.20,2002,3.4,0.0004,1m83.pdf,(ATP)
1oss,1.93,2003,4.79,1.64e-05,1oss.pdf,(BEN)
6bgv,1.59,2018,6.74,1.8e-07,6bgu.pdf,(DQG)
3d7k,2.49,2008,4.6,2.5e-05,3d7k.pdf,(D7K)
5w9g,2.10,2017,6.82,1.5e-07,5w3i.pdf,(KU2)
1v2r,1.70,2004,3.55,0.0002789599999999,1v2r.pdf,(ANH)
3kej,2.30,2010,7.12,7.590000000000001e-08,3kec.pdf,(3EJ)
6m8y,1.10,2018,6.38,4.15e-07,1kdy.pdf,(4-mer)
6g6z,2.80,2018,6.66,2.2e-07,6g6y.pdf,(EOK)
2zfs,1.51,2009,6.54,2.87e-07,2zdk.pdf,(12U)
6bcr,1.99,2018,5.26,5.5e-06,6bcr.pdf,(14-mer)
1mwn,NMR,2002,6.7,2e-07,1mwn.pdf,(12-mer)
6fhk,1.66,2018,7.51,3.115e-08,6fhk.pdf,(ADP)
6iae,2.49,2019,4.7,2e-05,6ia7.pdf,(GTP)
4pfu,2.05,2014,6.17,6.7e-07,4pft.pdf,(MAB)
6fnr,1.83,2018,5.59,2.6e-06,6fnq.pdf,(DYT)
2vfz,2.40,2007,3.61,0.000245,2vfz.pdf,(UPF)
3dxj,3.00,2008,6.22,6e-07,3dxj.pdf,(NE6)
6aan,1.51,2019,2.75,0.00176,6aac.pdf,(9TX)
3p9l,2.0,2011,5.3,5e-06,3p9l.pdf,(8-mer)
4v11,1.95,2015,6.49,3.24e-07,4v11.pdf,(10-mer)
4yt7,2.30,2015,8.77,1.7e-09,4yt6.pdf,(4K1)
2bqw,2.95,2006,8.52,3e-09,2bqw.pdf,(IIE)
2krd,NMR,2010,2.7,0.002,2krd.pdf,(17-mer)
2p16,2.30,2007,10.1,8.000000000000001e-11,2p16.pdf,(GG2)
3e9i,2.20,2009,6.22,6e-07,3e9h.pdf,(XAH)
3f15,1.70,2008,8.1,7.88e-09,3f15.pdf,(HS1)
4a95,1.55,2012,5.76,1.73e-06,4a95.pdf,(9MT)
5w73,2.20,2018,6.3,5e-07,5w44.pdf,(GY9)
1o3g,1.55,2003,7.96,1.1e-08,1o3g.pdf,(696)
4tq3,2.41,2014,5.49,3.2000000000000003e-06,4tq3.pdf,(GPP)
1w0y,2.50,2005,6.42,3.8e-07,1w0y.pdf,(771)
5xp7,2.01,2017,4.42,3.8e-05,5xp5.pdf,(8C6)
3hu3,2.2,2010,6.89,1.3e-07,3hu1.pdf,(AGS)
5kzp,2.26,2017,7.15,7e-08,5kzp.pdf,(15-mer)
5l8y,2.14,2018,6.4,3.98e-07,5g2b.pdf,(CVA)
1ag9,1.80,1997,9.0,1e-09,1ag9.pdf,(FMN)
6h77,2.1,2018,7.33,4.63e-08,6h77.pdf,(ATP)
3ehy,1.9,2009,5.85,1.4e-06,3ehx.pdf,(TBL)
5jal,2.06,2016,2.47,0.0034,5jad.pdf,(6HO)
2jbk,2.99,2006,6.4,4.0000000000000003e-07,2jbj.pdf,(QUS)
5etp,1.05,2016,6.15,7e-07,5etk.pdf,(5RZ)
5m04,1.85,2017,6.34,4.6000000000000004e-07,5m04.pdf,(GDP)
3c9e,1.80,2008,8.0,1e-08,3c9e.pdf,(E64)
2xbx,1.85,2010,7.82,1.5e-08,2xbv.pdf,(RR8)
3rv4,1.98,2011,2.3,0.005,3rup.pdf,(ADP)
5dhf,2.29,2015,5.66,2.2e-06,5dh9.pdf,(13-mer)
6hzd,1.90,2019,9.17,6.8e-10,6hlb.pdf,(6-mer)
4aba,1.25,2012,3.82,0.000153,4ab8.pdf,(SW1)
2ypp,2.30,2013,4.41,3.9e-05,2ypo.pdf,(TYR)
3ao2,1.80,2011,3.77,0.00017,3ao1.pdf,(AVX)
3atu,1.65,2011,8.3,5e-09,3atu.pdf,(ADP)
4od0,2.92,2014,9.04,9.1e-10,4ocz.pdf,(2RV)
3hqr,2.00,2009,5.52,3e-06,3hqr.pdf,(OGA)
4qht,2.56,2014,4.94,1.15e-05,4qht.pdf,(ANP)
1lhw,1.75,2002,9.08,8.319999999999997e-10,1lhw.pdf,(ESM)
1elb,2.1,1994,7.15,7e-08,1elb.pdf,(0Z4)
3e81,1.63,2008,1.43,0.037,3e81.pdf,(SLB)
6phr,1.65,2019,6.7,2.0000000000000002e-07,6phr.pdf,(SS9)
5izm,3.40,2016,5.92,1.2e-06,5izk.pdf,(GNP)
1ff1,NMR,2000,4.92,1.2e-05,1f8h.pdf,(11-mer)
4f5y,2.40,2012,5.43,3.7e-06,4f5y.pdf,(C2E)
3e9b,2.15,2008,5.35,4.5e-06,3e6k.pdf,(S2C)
1j16,1.60,2002,3.84,0.000143,1j16.pdf,(BEN)
3egt,2.00,2009,8.9,1.26e-09,3dyf.pdf,(722)
2rkd,1.90,2008,2.72,0.0019,2rk7.pdf,(3PP)
1rp7,2.09,2004,8.52,3e-09,1rp7.pdf,(TZD)
6fvo,2.69,2019,5.55,2.84e-06,6fvl.pdf,(6-mer)
4ngr,1.90,2014,7.55,2.81e-08,4ngr.pdf,(J21)
1ai4,2.35,1997,2.5,0.00313,1ai4.pdf,(DHY)
1o2q,1.5,2003,7.68,2.1000000000000003e-08,1o2q.pdf,(991)
2j4i,1.8,2006,9.0,1e-09,2j4i.pdf,(GSJ)
4epy,1.8,2012,3.47,0.00034,4epr.pdf,(0QY)
1gi6,1.49,2002,6.22,6e-07,1gi6.pdf,(124)
6o5g,1.89,2019,5.7,2e-06,6eeb.pdf,(LMJ)
4b7q,2.73,2012,9.74,1.8e-10,4b7j.pdf,(ZMR)
5mnc,0.92,2017,1.31,0.0485,5mn1.pdf,(ANL)
3t0d,1.93,2012,2.37,0.0043,3t08.pdf,(149)
4uau,1.45,2014,5.89,1.3e-06,4uau.pdf,(XBP)
3old,2.0,2011,5.9,1.2549e-06,3old.pdf,(6-mer)
5uv1,2.40,2017,5.62,2.4e-06,5uv1.pdf,(0FV)
1px4,1.60,2004,3.23,0.0005899999999999,1px4.pdf,(IPT)
4cwb,1.56,2015,6.09,8.100000000000001e-07,4crj.pdf,(X6L)
6eed,1.5,2018,6.09,8.12e-07,6eed.pdf,(J6A)
4kp4,3.00,2014,5.17,6.8e-06,4kp4.pdf,(ANP)
2w67,2.25,2009,4.96,1.1e-05,2w66.pdf,(F34)
4fl3,1.90,2012,3.82,0.00015,4fl1.pdf,(ANP)
4ge1,2.15,2013,6.43,3.7e-07,4ge1.pdf,(TSS)
3cr4,2.15,2008,4.28,5.3e-05,3cr4.pdf,(PNT)
1m1b,2.25,2002,4.66,2.2e-05,1m1b.pdf,(SPV)
6cjj,1.74,2019,3.9,0.000125,6cjj.pdf,(ADP)
5nzn,1.73,2018,3.66,0.00022,5nwe.pdf,(G39)
6rnt,1.80,1993,2.37,0.0043,6rnt.pdf,(2AM)
5m63,2.74,2017,6.96,1.1e-07,5m63.pdf,(7-mer)
3g3r,2.0,2009,6.48,3.3e-07,3g3r.pdf,(ANP)
4qfg,3.46,2014,5.48,3.3e-06,4qfg.pdf,(AMP)
2j94,2.1,2007,6.27,5.34e-07,2j94.pdf,(G15)
2cf9,1.79,2006,7.82,1.5e-08,2cf9.pdf,(348)
4mjp,1.85,2013,3.88,0.000131,4mjp.pdf,(27O)
6bd1,2.35,2018,4.78,1.65e-05,6bcr.pdf,(14-mer)
1iwq,2.00,2003,8.06,8.800000000000001e-09,1iwq.pdf,(19-mer)
5ivy,1.45,2016,6.44,3.6e-07,5isl.pdf,(6EO)
4n99,2.30,2013,3.67,0.000216,4n94.pdf,(2J1)
1cgl,2.40,1995,6.87,1.35e-07,1cgl.pdf,(0ED)
2vmc,1.90,2008,2.94,0.00115,2vmc.pdf,(NGA)
5eci,1.56,2016,3.8,0.00016,5ech.pdf,(JAA)
3rx7,2.02,2011,6.03,9.4e-07,3rx5.pdf,(G3I)
3zi0,1.90,2013,7.4,4e-08,3zhx.pdf,(FM8)
2y59,2.50,2011,6.44,3.6e-07,2y4a.pdf,(ZA3)
4en4,2.15,2012,5.52,3e-06,4en4.pdf,(GT0)
5yf1,2.40,2018,3.28,0.00052,5yf0.pdf,(8V0)
5mi3,2.80,2017,6.84,1.46e-07,5mi3.pdf,(GDP)
2r23,1.65,2008,3.72,0.00019,2r1w.pdf,(2-mer)
6o94,1.98,2019,8.74,1.8e-09,6o8u.pdf,(LRS)
1qbo,1.80,2000,7.74,1.8e-08,1qbo.pdf,(711)
2jh0,1.7,2007,8.7,2e-09,2jh0.pdf,(701)
4gqr,1.20,2012,3.96,0.00011,4gqq.pdf,(MYC)
3qip,2.09,2011,6.89,1.29e-07,3qin.pdf,(P4Y)
6d56,1.68,2018,8.05,9e-09,6d55.pdf,(FVM)
3a1s,1.50,2009,4.83,1.48e-05,3a1s.pdf,(GDP)
6e5x,1.50,2018,6.12,7.5e-07,6e5x.pdf,(15-mer)
3oe5,1.52,2011,6.88,1.32e-07,3nw9.pdf,(611)
1y3x,1.7,2005,5.14,7.315e-06,1y3x.pdf,(UIB)
2ivz,2.00,2006,6.04,9.2e-07,2ivz.pdf,(16-mer)
1g42,1.80,2001,3.01,0.0009699999999999,1g42.pdf,(CP2)
4c16,1.93,2014,4.96,1.104e-05,4c16.pdf,(4-mer)
2w4x,2.42,2009,4.85,1.4e-05,2w4x.pdf,(STZ)
3mwe,2.20,2010,1.54,0.029,3mwd.pdf,(TLA)
830c,1.60,1999,9.28,5.200000000000001e-10,830c.pdf,(RS1)
1eub,NMR,2001,8.72,1.9e-09,1eub.pdf,(3-mer)
4b5w,1.79,2012,3.33,0.00047,4b5s.pdf,(PYR)
1qi0,2.10,2000,2.35,0.0045,1qi0.pdf,(CBI)
5elw,1.4,2016,7.85,1.4e-08,5dnl.pdf,(5LD)
5c5h,2.40,2015,6.4,3.94e-07,5c5h.pdf,(4YB)
6nti,2.30,2019,4.57,2.7e-05,6np2.pdf,(9CS)
3n2v,1.55,2010,7.51,3.1e-08,3n2u.pdf,(JT5)
6cvf,2.3,2018,6.35,4.5000000000000003e-07,6cvf.pdf,(CDP)
1uto,1.15,2004,2.27,0.00532,1uto.pdf,(PEA)
6p85,1.90,2019,4.99,1.03e-05,6p83.pdf,(O4V)
5lp6,2.90,2016,4.76,1.7199999999999998e-05,5lp6.pdf,(71P)
5ivv,1.85,2016,6.35,4.5000000000000003e-07,5isl.pdf,(6EN)
4lkf,1.64,2013,5.37,4.3e-06,4lkd.pdf,(4-mer)
2e94,2.18,2007,8.0,1e-08,2e8t.pdf,(364)
2d1o,2.02,2006,7.7,2e-08,2d1o.pdf,(FA4)
5dh5,2.00,2016,9.64,2.3e-10,5dh4.pdf,(5AY)
4a50,2.75,2012,7.91,1.22e-08,4a50.pdf,(DQ6/DQ7)
6np2,1.20,2019,6.8,1.6e-07,6np2.pdf,(SIS)
3ay9,1.75,2011,8.34,4.55e-09,3atu.pdf,(ADP)
2j95,2.01,2007,8.4,4e-09,2j94.pdf,(GSX)
4u2w,1.00,2015,6.0,1e-06,4u2w.pdf,(16-mer)
5mnr,1.25,2017,5.46,3.44e-06,5mnr.pdf,(JC2)
2j9n,1.50,2007,4.7,2e-05,2j9n.pdf,(BEN)
1mcz,2.80,2003,3.0,0.001,1mcz.pdf,(RMN)
6b98,1.97,2017,4.65,2.24e-05,6b96.pdf,(D07)
1qf2,2.06,1999,5.92,1.2e-06,1qf2.pdf,(TI3)
3oe4,1.49,2011,7.47,3.4e-08,3nw9.pdf,(610)
3cr5,1.85,2008,4.19,6.4e-05,3cr5.pdf,(PNT)
1u2r,2.60,2004,5.41,3.9e-06,1u2r.pdf,(GDP)
456c,2.4,1999,9.77,1.7e-10,456c.pdf,(CBP)
5gv2,2.06,2017,5.65,2.23e-06,5gv2.pdf,(ARG)
5ixq,1.86,2016,4.7,2e-05,5ixq.pdf,(12-mer)
6j72,2.20,2019,6.13,7.4e-07,6j72.pdf,(GTP)
4jyv,2.19,2013,7.77,1.7e-08,4jyu.pdf,(1OJ)
3w5n,1.80,2013,3.87,0.000135,3w5n.pdf,(RAM)
2qpu,1.7,2008,3.6,0.00025,2qpu.pdf,(QPU)
1m74,3.00,2002,7.0,1e-07,1m74.pdf,(ADP)
3tt4,1.88,2012,8.28,5.2999999999999995e-09,3ts4.pdf,(E1S)
4zxy,2.06,2015,6.4,4e-07,4zxx.pdf,(4T1)
6epy,2.04,2018,6.46,3.47e-07,6epy.pdf,(RAF)
6d55,1.68,2018,7.36,4.4e-08,6d55.pdf,(FWA)
6qs1,1.80,2019,5.61,2.43e-06,6qs1.pdf,(11-mer)
1o3h,1.53,2003,7.3,5e-08,1o3h.pdf,(907)
4n1z,2.35,2014,9.14,7.2e-10,4n1z.pdf,(N1Z)
6iou,2.1,2019,3.73,0.0001841999999999,6iop.pdf,(SER)
6ak5,1.70,2019,6.12,7.5e-07,6aec.pdf,(GTP)
5moo,1.44,2017,1.31,0.0485,5mn1.pdf,(WOT)
2bza,1.90,1999,2.8,0.00158,2bza.pdf,(ABN)
4deu,1.60,2012,5.64,2.29e-06,4der.pdf,(NAR)
6ouv,1.94,2019,5.55,2.8e-06,6ouv.pdf,(TDK)
1g36,1.9,2001,7.17,6.7e-08,1g36.pdf,(R11)
4ayp,0.85,2013,6.12,7.55e-07,4ayp.pdf,(SMD)
6g3o,2.27,2018,9.24,5.8e-10,6g3o.pdf,(EL8)
2vwo,1.60,2009,7.51,3.1e-08,2vvc.pdf,(LZG)
3q44,1.8,2011,6.31,4.9e-07,3q43.pdf,(D50)
3g15,1.70,2009,7.0,1.0000000000000001e-07,3feg.pdf,(HC6)
5va9,2.55,2018,7.84,1.43e-08,5va9.pdf,(20-mer)
4k5o,1.90,2013,3.98,0.000104,4k3n.pdf,(1OT)
6nu5,1.60,2019,5.15,7.04e-06,6nu1.pdf,(CYS)
2r1w,1.70,2008,4.6,2.5e-05,2r1w.pdf,(KDB)
4nkt,1.90,2013,5.97,1.08e-06,4nkt.pdf,(2KH)
2jh5,2.5,2007,6.44,3.67e-07,2jh5.pdf,(895)
4oeu,2.20,2014,7.66,2.2e-08,4oes.pdf,(HIS)
6mmo,1.86,2019,3.35,0.000447,6mmo.pdf,(AMP)
6czc,2.3,2018,4.78,1.65e-05,6czc.pdf,(TTP)
3qyy,1.90,2011,5.08,8.26e-06,3qyy.pdf,(C2E)
5iw0,1.63,2016,7.22,6e-08,5isl.pdf,(6EP)
5aan,1.6,2017,4.15,7.1e-05,5aan.pdf,(XOC)
1qq9,1.53,2000,2.06,0.0087,1qq9.pdf,(MET)
2py4,1.49,2007,6.7,2.0000000000000002e-07,2py4.pdf,(DUP)
2vnp,2.19,2008,9.92,1.2e-10,2vnp.pdf,(DED)
4pnu,1.90,2014,4.89,1.3e-05,4ovf.pdf,(2VD)
2ogy,2.30,2007,4.48,3.32e-05,2e7f.pdf,(C2F)
6bgw,1.64,2018,6.68,2.1e-07,6bgu.pdf,(DKS)
3ig1,2.80,2010,6.14,7.3e-07,3ig1.pdf,(JTH)
3f16,1.16,2008,8.23,5.9100000000000005e-09,3f15.pdf,(HS3)
4ng9,2.20,2014,7.12,7.5e-08,4ng9.pdf,(2KE)
5fyx,1.80,2017,4.16,6.96e-05,5aan.pdf,(FD6)
4abe,1.3,2012,3.4,0.0004,4ab8.pdf,(913)
3lq2,1.96,2010,5.22,5.97e-06,3lpl.pdf,(TDP)
3sl0,2.00,2011,2.7,0.002,3gmz.pdf,(FB5)
4eoy,2.22,2013,6.49,3.26e-07,4eoy.pdf,(8-mer)
5xiw,2.90,2018,4.96,1.103e-05,5xiw.pdf,(LOC)
1ajn,2.36,1997,2.63,0.00232,1ajn.pdf,(AAN)
1gz4,2.20,2002,3.7,0.0002,1gz4.pdf,(ATP)
2q9y,2.85,2008,4.44,3.6e-05,2q9y.pdf,(BTM)
3th0,1.75,2012,4.12,7.58e-05,3th0.pdf,(5-mer)
6gj6,1.76,2019,4.7,2e-05,6gj5.pdf,(EZZ)
1f0r,2.10,2000,7.66,2.2e-08,1f0r.pdf,(815)
2z7h,2.08,2008,6.94,1.15e-07,2p1c.pdf,(GG3)
2y7z,1.84,2011,8.7,2e-09,2y7z.pdf,(C0Z)
6ea1,1.82,2018,6.59,2.57e-07,6ea1.pdf,(J0Y)
2xc4,1.67,2010,8.05,9e-09,2xbv.pdf,(IVK)
1ql7,2.1,2000,5.0,1e-05,1ql7.pdf,(ZEN)
5eg4,1.32,2016,7.68,2.1e-08,5eg4.pdf,(5N7)
1h9l,1.67,2001,3.12,0.00076,1h9l.pdf,(5-mer)
1tx7,1.75,2005,4.6,2.5e-05,1tx7.pdf,(4CM)
2drc,1.90,1994,9.89,1.3000000000000002e-10,2drc.pdf,(MTX)
2w66,2.27,2009,4.05,8.9e-05,2w66.pdf,(HQ6)
5aiv,2.04,2015,6.19,6.5e-07,5ais.pdf,(M1W)
2jg8,2.05,2008,6.3,5e-07,2jg8.pdf,(SEP)
5yls,3.00,2018,5.29,5.13e-06,5xiw.pdf,(Y50)
6r0x,3.13,2019,8.7,2e-09,6r0x.pdf,(8-mer)
4res,3.41,2015,7.85,1.4e-08,4res.pdf,(BUF)
3fzn,1.62,2009,4.01,9.7e-05,3fzn.pdf,(D7K)
2y81,1.7,2011,8.7,2e-09,2y7z.pdf,(931)
1gj6,1.50,2002,7.0,1.0000000000000001e-07,1gj6.pdf,(132)
1b38,2.00,1998,6.6,2.54e-07,1b38.pdf,(ATP)
1eb2,2.0,2002,6.01,9.8e-07,1eb2.pdf,(BPO)
6i9a,1.20,2019,10.0,1e-10,6i9a.pdf,(H8E)
2phb,2.30,2008,9.49,3.2000000000000003e-10,2phb.pdf,(230)
4cc7,1.97,2013,4.33,4.65e-05,4cc2.pdf,(12-mer)
1onz,2.4,2003,5.1,8e-06,1onz.pdf,(968)
1o3c,1.64,2003,7.13,7.4e-08,1o3c.pdf,(780)
4u91,2.00,2014,6.83,1.49e-07,4u90.pdf,(11-mer)
1mq5,2.1,2003,9.0,1e-09,1mq5.pdf,(XLC)
4ngn,1.64,2014,7.55,2.81e-08,4ngn.pdf,(J96)
4z7o,2.85,2016,5.04,9.03e-06,4z7o.pdf,(4-mer)
3srg,2.19,2012,5.7,2e-06,3srg.pdf,(OCH)
4gv8,2.10,2013,6.49,3.2e-07,4gv8.pdf,(DUP)
4q3t,2.14,2014,6.48,3.3e-07,4q3q.pdf,(HAR)
1ryf,1.75,2004,8.8,1.6e-09,1ryf.pdf,(GDP)
3rv6,2.04,2012,4.68,2.1e-05,3rv6.pdf,(RVA/VAE)
4ryd,2.15,2015,11.26,5.5e-12,4ryd.pdf,(5-mer)
2y8i,3.13,2011,5.89,1.3e-06,2y8i.pdf,(ADP)
1hqh,2.80,2001,6.3,5e-07,1hqh.pdf,(NNH)
5edd,1.97,2016,5.24,5.7000000000000005e-06,5ect.pdf,(DUP)
3ozg,1.99,2011,9.19,6.5e-10,3ozf.pdf,(SSI)
1w7x,1.80,2005,8.4,4e-09,1w7x.pdf,(413)
3qio,1.40,2011,6.84,1.44e-07,3qin.pdf,(QID)
3ts4,1.59,2012,8.72,1.9e-09,3ts4.pdf,(EEG)
1qf0,2.2,1999,7.38,4.2e-08,1qf0.pdf,(TI2)
1ctr,2.45,1994,6.0,1e-06,1ctr.pdf,(TFP)
6dq5,1.89,2018,5.19,6.4000000000000006e-06,6dq4.pdf,(H6G)
6fvm,1.63,2019,6.6,2.5e-07,6fvl.pdf,(6-mer)
2wor,1.7,2009,3.9,0.000125,2wor.pdf,(2AN)
6ott,2.55,2019,5.42,3.8e-06,6ott.pdf,(N7Y)
2qwb,2.0,1998,2.74,0.00182,2qwb.pdf,(SIA)
5ory,1.99,2017,3.45,0.000357,5orl.pdf,(AY4)
5n2z,1.37,2017,5.31,4.9000000000000005e-06,5mnr.pdf,(8JH)
4x8v,2.50,2015,6.89,1.3e-07,4x8s.pdf,(3Z9)
4yym,1.50,2015,3.62,0.00024,4yy6.pdf,(11-mer)
1ork,2.4,1999,8.81,1.56e-09,1ork.pdf,(ATC)
2jnp,NMR,2007,6.89,1.3e-07,2jnp.pdf,(NGH)
3k3a,2.59,2010,7.08,8.4e-08,3k37.pdf,(G39)
2pl9,2.60,2008,4.17,6.740000000000001e-05,2pl9.pdf,(19-mer)
4ayq,1.10,2013,7.33,4.7e-08,4ayp.pdf,(MVL)
1r17,1.86,2003,6.42,3.79e-07,1r17.pdf,(16-mer)
5a3q,3.05,2016,8.6,2.5e-09,5a3q.pdf,(DL5)
4lk6,2.86,2013,5.2,6.3e-06,4ljh.pdf,(GAL-LRD)
1sbr,2.30,2004,5.0,1e-05,1sbr.pdf,(VIB)
3bbf,1.70,2008,5.28,5.2e-06,3bbb.pdf,(GDP)
5w8v,2.35,2017,8.22,6e-09,5w8v.pdf,(9YP)
6h0b,1.80,2018,4.15,7e-05,6h0b.pdf,(16-mer)
5mi6,2.00,2017,7.3,5e-08,5mi4.pdf,(NHT)
1fax,3.00,1997,7.39,4.1e-08,1fax.pdf,(DX9)
2e7f,2.20,2007,6.1,7.900000000000001e-07,2e7f.pdf,(C2F)
5e5g,1.95,2016,3.15,0.0007,5e2l.pdf,(DTR)
2zdm,1.93,2008,6.41,3.86e-07,2zdk.pdf,(46U)
3e9h,2.10,2009,7.55,2.8e-08,3e9h.pdf,(KAA)
3loo,2.00,2011,6.07,8.6e-07,3loo.pdf,(B4P)
2xbv,1.66,2010,8.43,3.7e-09,2xbv.pdf,(XBV)
6n53,2.70,2019,7.87,1.3400000000000001e-08,6n53.pdf,(UZR)
5wa6,2.25,2018,6.36,4.4e-07,5wa6.pdf,(KU7)
1grp,2.5,1996,3.72,0.000189,1grp.pdf,(ICT)
6fbv,3.50,2018,6.52,3e-07,6fbv.pdf,(FI8)
3a1e,1.95,2009,2.66,0.0022,3a1c.pdf,(ACP)
3zyh,1.50,2011,4.29,5.15e-05,3zyh.pdf,(G0S)
1lpg,2.0,2003,7.09,8.2e-08,1lpg.pdf,(IMA)
4oew,2.44,2015,6.82,1.52e-07,4oew.pdf,(5IO)
2kdh,NMR,2009,2.96,0.0011,2kdh.pdf,(KDH)
5wew,3.18,2018,6.74,1.8e-07,5wep.pdf,(A81)
4iu0,1.77,2013,5.89,1.3e-06,4iu0.pdf,(ABH)
2llo,NMR,2012,5.82,1.5e-06,2llo.pdf,(19-mer)
1ce5,1.90,1999,4.74,1.84e-05,1ce5.pdf,(BEN)
5izl,2.72,2016,5.73,1.85e-06,5izk.pdf,(GCP)
5lvd,1.25,2017,2.62,0.0024,5lvd.pdf,(79F)
4gzx,2.45,2012,3.19,0.000645,4gzp.pdf,(2-mer)
1ebg,2.10,1995,10.82,1.5e-11,1ebg.pdf,(PAH)
5a6x,1.55,2016,6.69,2.02e-07,5a6x.pdf,(MFU)
2zq2,1.4,2009,6.56,2.76e-07,2zdk.pdf,(13U)
4ef4,2.15,2012,5.35,4.42e-06,4ef4.pdf,(C2E)
3ck7,2.10,2008,4.05,8.9e-05,3ck7.pdf,(ACX)
4iu4,1.80,2013,5.0,1e-05,4iu0.pdf,(S2C)
4x0z,1.85,2015,3.15,0.0007,4x0z.pdf,(4-mer)
4gr0,1.5,2013,9.55,2.8e-10,4gql.pdf,(R4B)
2qwe,2.0,1998,7.48,3.3000000000000004e-08,2qwe.pdf,(GNA)
4ljh,1.45,2013,4.71,1.94e-05,4ljh.pdf,(GAL-MHD)
3iae,2.3,2010,3.89,0.00013,3iae.pdf,(D7K)
1alw,2.03,1998,6.52,3e-07,1alw.pdf,(ISA)
2llq,NMR,2012,5.82,1.5e-06,2llq.pdf,(19-mer)
4j03,2.92,2013,7.59,2.6e-08,4j03.pdf,(FVS)
4odp,1.75,2015,4.77,1.706e-05,4odk.pdf,(16-mer)
4dzy,2.10,2013,5.62,2.4e-06,4dzy.pdf,(WJ1)
4lke,1.65,2013,5.37,4.3e-06,4lkd.pdf,(4-mer)
3vdb,2.05,2012,2.52,0.0030299999999999,3vd4.pdf,(149)
6ibs,1.37,2019,4.96,1.1e-05,6ibs.pdf,(HB8)
4idn,2.25,2013,5.24,5.77e-06,4idn.pdf,(GNP)
4ish,1.82,2013,8.72,1.9e-09,4ish.pdf,(1GE)
1k1i,2.2,2001,6.58,2.64e-07,1k1i.pdf,(FD1)
6hh3,1.82,2018,6.24,5.8e-07,6g1p.pdf,(A1R)
2ypo,2.0,2013,4.68,2.1e-05,2ypo.pdf,(PHE)
5c2e,2.10,2015,8.7,2e-09,5c1w.pdf,(4Y1)
5e2l,2.50,2016,4.03,9.3e-05,5e2l.pdf,(DPN)
4gr8,1.3,2013,7.83,1.47e-08,4gql.pdf,(R4C)
1o7o,1.97,2003,4.49,3.2e-05,1o7o.pdf,(UDP)
5etr,1.32,2016,6.52,3e-07,5etk.pdf,(5RW)
6p89,1.4,2019,5.01,9.77e-06,6p83.pdf,(O4A)
3m36,2.15,2010,9.82,1.5e-10,3m35.pdf,(M35)
3o84,2.10,2010,7.24,5.8e-08,3o82.pdf,(HTJ)
4wmx,2.00,2015,4.85,1.41e-05,4wmr.pdf,(3R7)
6q2y,1.00,2019,5.26,5.5e-06,6ibs.pdf,(HCQ)
4zx6,2.05,2016,5.27,5.4e-06,4zw3.pdf,(4U6)
3lik,1.80,2010,8.72,1.92e-09,3lik.pdf,(EEG)
3lil,1.80,2010,8.08,8.300000000000002e-09,3lik.pdf,(EEA)
5evz,1.85,2016,6.57,2.7e-07,5evz.pdf,(ADP)
1z9g,1.70,2005,5.64,2.3e-06,1z9g.pdf,(RRT)
5cxa,1.3,2016,8.05,9e-09,5cxa.pdf,(55L)
2hr6,1.84,2007,4.82,1.5e-05,2hr6.pdf,(DUD)
4p02,2.65,2014,6.4,4.0000000000000003e-07,4p00.pdf,(C2E)
5wzr,2.79,2017,7.29,5.1e-08,5wzn.pdf,(DJN)
1utj,1.83,2004,3.84,0.0001439999999999,1utj.pdf,(ABN)
6ak6,1.75,2019,5.56,2.76e-06,6aec.pdf,(CTP)
4tln,2.30,1982,3.72,0.00019,4tln.pdf,(LNO)
4gql,1.15,2013,9.59,2.6000000000000003e-10,4gql.pdf,(R47)
4xyn,2.55,2015,5.89,1.3e-06,4xyn.pdf,(15-mer)
5kap,2.95,2016,4.23,5.86e-05,5jsq.pdf,(6RH)
2bmg,2.70,2006,7.74,1.8e-08,2bmg.pdf,(I1H)
6mlw,1.90,2019,3.74,0.000184,6mlf.pdf,(JVA)
2tmn,1.6,1989,5.89,1.3e-06,2tmn.pdf,(0FA)
2jh6,2.21,2007,7.77,1.7e-08,2jh6.pdf,(894)
6dq4,1.39,2018,4.92,1.2e-05,6dq4.pdf,(K0I)
5j7j,NMR,2017,5.07,8.599999999999999e-06,5j7j.pdf,(19-mer)
1h79,2.90,2002,4.89,1.3e-05,1h79.pdf,(TTP)
3nba,2.68,2010,3.41,0.000388,3nba.pdf,(APC)
2o1v,2.45,2007,5.3,5e-06,2o1u.pdf,(ADP)
6nfz,2.97,2019,7.8,1.6e-08,6nfy.pdf,(B49)
1x07,2.20,2005,3.28,0.00052,1x07.pdf,(IPE)
6q8a,2.11,2019,8.01,9.8e-09,6hb5.pdf,(HQ5)
5ixt,1.94,2016,4.6,2.5e-05,5ixq.pdf,(17-mer)
6d5e,1.75,2018,6.85,1.4e-07,6d55.pdf,(FVG)
5l9o,1.84,2016,5.4,4e-06,5l9g.pdf,(GOP)
5x4o,2.05,2017,4.06,8.8e-05,5x4m.pdf,(YAM)
5d6j,2.25,2016,4.44,3.6e-05,5d6j.pdf,(ATP)
5e3a,2.05,2016,5.44,3.6000000000000003e-06,5e2q.pdf,(5-mer)
6ccx,NMR,2018,3.15,0.0007,6cc9.pdf,(EWS)
1ecq,2.0,2000,3.0,0.001,1ecq.pdf,(DXG)
5g60,1.99,2017,6.52,3e-07,5g5z.pdf,(NYT)
3uzd,1.86,2012,5.05,9e-06,3uxg.pdf,(17-mer)
3nw9,1.65,2011,9.0,1e-09,3nw9.pdf,(637)
4abd,1.25,2012,4.4,4e-05,4ab8.pdf,(SW2)
1y8o,2.48,2005,5.89,1.3e-06,1y8o.pdf,(ADP)
6g84,2.47,2018,5.21,6.1e-06,6g84.pdf,(16-mer)
1ru1,1.40,2004,4.74,1.8e-05,1ru1.pdf,(APC)
4rhu,2.57,2015,6.16,6.9e-07,4rht.pdf,(45T-3QE)
5orz,1.92,2017,3.36,0.000432,5orl.pdf,(A6W)
3uuo,2.11,2012,7.96,1.1e-08,3uuo.pdf,(0CV)
4qsk,2.70,2014,5.1,8e-06,4qsh.pdf,(2BA)
1o34,1.50,2003,5.74,1.8e-06,1o34.pdf,(801)
6dyo,2.84,2019,4.49,3.2e-05,6dyo.pdf,(LDP)
1oko,1.60,2003,4.54,2.9e-05,1oko.pdf,(GLB)
1wc6,2.51,2004,4.0,0.0001,1wc6.pdf,(TAT)
3nal,2.65,2010,8.1,8e-09,3nal.pdf,(DBK)
2z4r,3.05,2008,7.62,2.4e-08,2z4r.pdf,(ADP)
5orr,2.09,2017,3.77,0.00017,5orl.pdf,(A5Q)
2hzy,1.35,2006,7.39,4.1e-08,2hzy.pdf,(DHJ)
3vdc,2.55,2012,4.92,1.2e-05,3vd4.pdf,(IPT)
4lmn,2.80,2013,10.3,5e-11,4lmn.pdf,(EUI)
1bra,2.20,1994,1.82,0.015,1bra.pdf,(BEN)
3qlm,2.50,2011,6.37,4.31e-07,3qlm.pdf,(PLM)
1ai6,2.55,1997,3.97,0.000107,1ai6.pdf,(4HP)
5wei,2.25,2017,5.7,2e-06,5w3i.pdf,(GY6)
6ipi,1.80,2019,5.71,1.95e-06,6aec.pdf,(DCP)
4isi,1.94,2013,8.14,7.3e-09,4isi.pdf,(1GG)
1tni,1.90,1994,4.0,0.0001,1tni.pdf,(PBN)
2zdl,1.8,2008,6.4,4.02e-07,2zdk.pdf,(45U)
3ole,1.55,2011,7.83,1.47e-08,3old.pdf,(7-mer)
1ela,2.00,1994,6.36,4.4e-07,1ela.pdf,(0Z1)
1eld,2.00,1995,6.7,2.0000000000000002e-07,1eld.pdf,(0Z0)
1o3i,1.51,2003,7.3,5e-08,1o3i.pdf,(907)
5l9i,1.9,2016,7.0,9.9e-08,5l9g.pdf,(SNW)
1ycm,NMR,2005,8.0,1e-08,1ycm.pdf,(NGH)
6bgu,1.68,2018,6.28,5.3e-07,6bgu.pdf,(DKP)
2wzf,2.10,2009,7.0,1e-07,2wzf.pdf,(UDP-BGC)
4nro,2.30,2014,5.02,9.6e-06,4nro.pdf,(AKG)
3nx7,1.80,2010,8.1,7.88e-09,3lk8.pdf,(NHK)
3twp,1.83,2012,3.92,0.000119,3qqs.pdf,(SAL)
6m9c,1.80,2018,7.25,5.6e-08,1ke1.pdf,(3-mer)
1gx4,1.46,2003,4.28,5.3e-05,1gx4.pdf,(UDP)
3mof,1.75,2010,3.07,0.00086,3moe.pdf,(OXL)
5ma7,1.30,2017,3.47,0.000336,5lvd.pdf,(7K0)
4q3s,2.11,2014,6.59,2.6e-07,4q3q.pdf,(X7A)
1hqf,2.90,2001,5.0,1e-05,1hqf.pdf,(HAR)
2y82,2.20,2011,8.4,4e-09,2y7z.pdf,(930)
2zmm,2.10,2008,7.6,2.5e-08,2zmm.pdf,(35B)
5cnm,2.84,2015,6.81,1.56e-07,5cni.pdf,(52Q)
1h7a,2.75,2002,4.72,1.9e-05,1h7a.pdf,(DTP)
3tsk,2.0,2012,7.17,6.7e-08,3ts4.pdf,(QEG)
1pdz,2.20,1995,3.7,0.0002,1pdz.pdf,(PGA)
1hp0,2.10,2001,6.7,2.0000000000000002e-07,1hp0.pdf,(AD3)
4own,2.11,2014,4.22,6e-05,4n5v.pdf,(5RG)
3aav,1.70,2010,6.62,2.4e-07,3aas.pdf,(A2C)
2foy,1.55,2006,6.92,1.2e-07,2foy.pdf,(B30)
5el9,1.10,2016,7.64,2.3e-08,5dnl.pdf,(5DL)
4f20,2.50,2012,3.29,0.0005082999999999,4f1z.pdf,(13-mer)
1lpz,2.4,2003,7.6,2.5e-08,1lpz.pdf,(CMB)
3cz1,1.5,2009,7.26,5.5e-08,3cyz.pdf,(NBB)
4umb,2.17,2014,4.0,9.9e-05,4uma.pdf,(0V5)
4elh,2.10,2013,8.09,8.199999999999999e-09,4elb.pdf,(53I/53J)
2xto,2.80,2010,6.2,6.3e-07,2xtm.pdf,(GDP)
1o39,1.59,2003,7.13,7.4e-08,1o39.pdf,(780)
4qsh,2.51,2014,5.1,8e-06,4qsh.pdf,(2BA)
2woq,1.75,2009,2.88,0.00133,2woq.pdf,(AYC)
2jdy,1.70,2007,4.37,4.29e-05,2jdy.pdf,(MMA)
1sln,2.27,1996,6.64,2.3000000000000002e-07,1sln.pdf,(INH)
1o2j,1.65,2003,6.92,1.2e-07,1o2j.pdf,(656)
5k8o,2.89,2016,5.96,1.0900000000000002e-06,5k8n.pdf,(6R7)
3lk0,2.04,2010,3.16,0.0006969,3lk0.pdf,(Z80)
4x8o,2.1,2015,6.6,2.5e-07,4x8l.pdf,(AP5)
1z4o,1.9,2005,4.52,3e-05,1z4o.pdf,(GL1)
1v48,2.20,2004,7.8,1.6e-08,1v48.pdf,(HA1)
3uxl,2.20,2012,5.57,2.7e-06,3uxk.pdf,(CFI)
2n27,NMR,2016,6.55,2.8e-07,2n27.pdf,(4DY)
1lpk,2.2,2003,7.55,2.8e-08,1lpk.pdf,(CBB)
1ocn,1.31,2003,6.39,4.12e-07,1ocn.pdf,(2-mer)
5g2b,1.83,2017,7.0,1e-07,5g2b.pdf,(LQY)
2kfh,NMR,2009,2.62,0.0024,2kff.pdf,(12-mer)
3wqm,2.10,2014,6.25,5.6e-07,3wqm.pdf,(B29)
2fou,0.99,2006,7.1,8e-08,2fou.pdf,(B22)
3hvh,1.30,2009,8.52,3e-09,3hvh.pdf,(542)
1xa5,2.12,2004,6.5,3.16e-07,1xa5.pdf,(KAR)
4ngp,1.63,2014,7.96,1.097e-08,4ngp.pdf,(J31)
2vzr,1.95,2009,4.28,5.260000000000001e-05,2vzq.pdf,(GCU)
5jsg,2.50,2017,4.85,1.42e-05,5jsg.pdf,(6P9)
6hky,2.75,2019,9.34,4.563e-10,6hkx.pdf,(GCE)
4wk1,1.98,2014,5.89,1.3e-06,4wk1.pdf,(2BA)
5meh,0.95,2016,6.32,4.81e-07,5meh.pdf,(DMJ)
6qaf,1.61,2019,7.42,3.8e-08,6qaf.pdf,(XC3)
1pq3,2.70,2003,7.52,3e-08,1pq3.pdf,(S2C)
1rin,2.60,1993,3.15,0.0007,1rin.pdf,(MAN)
3kr4,2.00,2010,7.6,2.5e-08,3kr4.pdf,(BES)
1nki,0.95,2004,6.7,2.0000000000000002e-07,1nki.pdf,(PPF)
5iwg,1.66,2016,6.46,3.46e-07,5iwg.pdf,(IWX)
1zsh,2.90,2006,7.07,8.5e-08,1zsh.pdf,(IHP)
6jki,2.59,2019,6.39,4.1e-07,5wyq.pdf,(DFG)
6ios,2.35,2019,4.1,7.94e-05,6iop.pdf,(PRO)
3dnt,1.66,2009,4.74,1.8e-05,3dnt.pdf,(ATP)
4giu,1.67,2013,5.33,4.7e-06,4giu.pdf,(636)
3lc3,1.90,2010,5.23,5.9e-06,3lc3.pdf,(IYX)
3mg6,2.60,2011,7.89,1.3e-08,3mg0.pdf,(LZT)
4fqo,1.65,2012,5.16,6.9e-06,4fqo.pdf,(AZ3)
2y4k,2.45,2011,5.46,3.5e-06,2y4j.pdf,(GDP)
3tz4,2.25,2012,5.49,3.2000000000000003e-06,3tz4.pdf,(03H)
6cze,2.30,2018,4.03,9.3e-05,6cze.pdf,(ITT)
6aao,1.40,2019,2.11,0.0078,6aac.pdf,(9U0)
2vk6,1.50,2008,5.3,5e-06,2vk6.pdf,(DAN)
3c84,1.94,2008,7.85,1.4e-08,3c79.pdf,(TH4)
5a3r,3.05,2016,7.78,1.67e-08,5a3q.pdf,(DL5)
6e4u,3.27,2018,7.87,1.36e-08,6e4t.pdf,(HU7)
3f6e,1.34,2008,2.38,0.00414,3f6b.pdf,(8PA)
1c3x,2.40,1999,3.68,0.00021,1c3x.pdf,(8IG)
1tnj,1.80,1994,1.96,0.011,1tnj.pdf,(PEA)
4gzw,2.45,2012,4.52,3e-05,4gzp.pdf,(3-mer)
6bs4,2.50,2019,5.55,2.8e-06,6bs3.pdf,(AGS)
4az5,1.73,2013,5.99,1.02e-06,4az5.pdf,(NGW)
1mf4,1.90,2003,7.99,1.02e-08,1mf4.pdf,(5-mer)
3m2u,1.40,2010,7.0,1.0000000000000001e-07,3m1v.pdf,(TXZ)
6o5u,1.40,2019,4.38,4.2e-05,6np2.pdf,(KAN)
3ijh,2.10,2009,4.0,0.0001,3ijh.pdf,(KO2)
1ttm,1.95,2004,7.35,4.5e-08,1ttm.pdf,(667)
6mmc,1.42,2019,3.61,0.000244,6mmc.pdf,(ADP)
2zhd,1.94,2009,6.54,2.87e-07,2zdk.pdf,(12U)
4dst,2.30,2012,2.96,0.0011,4dsn.pdf,(9LI)
6buu,2.40,2018,5.44,3.6000000000000003e-06,6buu.pdf,(10-mer)
4bbg,2.75,2013,8.32,4.8e-09,4bbg.pdf,(V02)
1gzc,1.58,2002,3.49,0.00032,1gzc.pdf,(LAT)
4l19,1.66,2014,6.1,8.000000000000001e-07,4l19.pdf,(1UA)
5bms,2.90,2015,6.34,4.55e-07,4zy4.pdf,(4T6)
1zzz,1.90,1999,5.14,7.3e-06,1zzz.pdf,(0IV)
4xtm,2.70,2016,4.57,2.697e-05,4xtm.pdf,(A2G)
4lxz,1.85,2013,6.74,1.82e-07,4lxz.pdf,(SHH)
5ybi,2.27,2018,3.49,0.00032248,5ybi.pdf,(ANP)
5f2r,2.15,2016,4.28,5.2e-05,5evz.pdf,(ACP)
4qge,2.00,2014,9.3,5e-10,4qge.pdf,(35O)
1dva,3.00,2000,8.07,8.5e-09,1dva.pdf,(19-mer)
1os0,2.10,2003,6.03,9.3e-07,1os0.pdf,(0PQ)
2cvd,1.45,2006,6.1,8.000000000000001e-07,2cvd.pdf,(HQL)
1oyq,1.9,2003,6.96,1.1e-07,1oyq.pdf,(T87)
1mmr,2.4,1996,5.4,4e-06,1mmr.pdf,(SRS)
2jbj,2.19,2006,9.7,2e-10,2jbj.pdf,(G88)
1usn,1.80,1998,7.74,1.8e-08,1usn.pdf,(IN9)
4rra,1.7,2015,4.87,1.34e-05,4rr6.pdf,(A3T)
5jcb,2.30,2017,4.21,6.204e-05,5jcb.pdf,(NV4)
4ngs,1.68,2014,8.12,7.6e-09,4ngs.pdf,(J34)
1gz9,1.70,2002,3.51,0.00031,1gz9.pdf,(FUC-LAT)
3gxy,2.40,2009,5.59,2.6e-06,3gxy.pdf,(3-mer)
1kc7,2.20,2002,5.52,3e-06,1kc7.pdf,(PPR)
1bjv,1.80,1998,5.54,2.9e-06,1bju.pdf,(GP8)
5agj,2.00,2015,6.15,7e-07,5agi.pdf,(ANZ)
1bxr,2.1,1999,3.4,0.0004,1bxr.pdf,(ANP)
3iqv,1.20,2010,5.18,6.6e-06,3iqj.pdf,(6-mer)
1hfs,1.70,1998,8.7,2e-09,1hfs.pdf,(L04)
2kfg,NMR,2009,2.92,0.0012,2kff.pdf,(12-mer)
5etq,1.96,2016,6.48,3.3e-07,5etk.pdf,(YH2)
4u0s,2.49,2014,6.8,1.58e-07,4u04.pdf,(ADP)
4yb6,1.98,2016,5.32,4.8e-06,4yb5.pdf,(HIS)
4oc1,1.75,2014,6.6,2.54e-07,4oc0.pdf,(2QS)
5wef,2.00,2017,6.44,3.6e-07,5w3i.pdf,(GY6)
1tlp,2.30,1989,7.55,2.8e-08,1tlp.pdf,(RDF)
4gwi,1.60,2012,3.69,0.000202,4gwi.pdf,(BDZ)
3lk8,1.8,2010,7.71,1.97e-08,3lk8.pdf,(Z79)
5js3,1.16,2016,6.73,1.85e-07,5js3.pdf,(6MG)
2j78,1.65,2006,6.42,3.84e-07,2j78.pdf,(GOX)
3liw,2.22,2010,7.6,2.5e-08,3liw.pdf,(RUP)
3u2q,2.70,2012,8.22,6e-09,3u2q.pdf,(12-mer)
5irr,2.04,2017,5.27,5.4e-06,5irr.pdf,(GSP)
5btv,1.70,2016,3.85,0.00014,5btv.pdf,(4-mer)
5czm,1.30,2016,8.32,4.8e-09,5cxa.pdf,(R47)
2ff2,2.20,2006,8.21,6.2e-09,2ff2.pdf,(IMH)
1jao,2.4,1996,5.92,1.2e-06,1jao.pdf,(0D3)
4m5k,1.30,2014,5.23,5.9e-06,4m5g.pdf,(YH3)
1v2l,1.6,2004,4.29,5.1e-05,1v2l.pdf,(BEN)
3ck8,2.10,2008,3.84,0.000146,3ck7.pdf,(BCD)
3ffu,2.80,2009,6.44,3.6e-07,3ef5.pdf,(GTP)
2qwc,1.60,1998,3.55,0.00028,2qwc.pdf,(DAN)
5im3,2.30,2016,5.82,1.5e-06,5im3.pdf,(DTP)
2xej,1.78,2010,8.87,1.34e-09,2xef.pdf,(OKD)
5wxg,1.70,2017,3.86,0.000137,5wxg.pdf,(7-mer)
3ozt,1.48,2011,4.13,7.49e-05,3nw9.pdf,(OZZ)
3cs7,2.2,2008,10.68,2.1e-11,3cs7.pdf,(LG0)
1nwl,2.40,2003,2.39,0.0040999999999999,1nwl.pdf,(964)
1oxr,1.93,2004,5.19,6.4000000000000006e-06,1oxr.pdf,(AIN)
1f8c,1.7,2001,7.4,4e-08,1f8c.pdf,(4AM)
6bcy,2.30,2018,4.81,1.55e-05,6bcr.pdf,(13-mer)
6mm2,1.04,2019,5.41,3.92e-06,6mm2.pdf,(ATP)
1o2h,1.77,2003,7.17,6.8e-08,1o2h.pdf,(CR3)
4mjr,1.62,2013,3.55,0.000283,4mjp.pdf,(0LA)
2jdn,1.30,2007,5.56,2.78e-06,2jdn.pdf,(MMA)
4aq4,1.80,2012,6.17,6.800000000000001e-07,4aq4.pdf,(G3P)
5uwi,2.14,2017,5.8,1.6e-06,5uwh.pdf,(18-mer)
6apv,1.99,2018,6.96,1.1e-07,6aps.pdf,(3L4)
3hav,2.45,2009,3.77,0.00017,3ham.pdf,(SRY)
4kln,2.62,2013,7.7,2e-08,4kln.pdf,(AGS)
1bm6,NMR,1999,7.89,1.3e-08,1bm6.pdf,(3-mer)
3gpe,2.00,2009,5.74,1.8e-06,3gpe.pdf,(PT5)
5mxo,1.20,2017,5.27,5.4e-06,5mhc.pdf,(3-mer)
4dkt,2.98,2012,4.8,1.6e-05,4dkt.pdf,(5-mer)
4b7j,2.42,2012,7.95,1.11e-08,4b7j.pdf,(G39)
2vc9,2.36,2008,8.44,3.6e-09,2vc9.pdf,(NOK)
4oks,2.25,2014,4.48,3.3e-05,4ojq.pdf,(2T9)
6bgx,1.88,2018,6.33,4.700000000000001e-07,6bgu.pdf,(DKV)
3gk4,1.90,2009,3.92,0.00012,3gk1.pdf,(53A)
2q8m,2.05,2007,4.03,9.4e-05,2q8m.pdf,(AMP)
4ab8,1.60,2012,3.87,0.000136,4ab8.pdf,(VXU)
4owo,1.99,2014,4.47,3.4e-05,4n5v.pdf,(6F0)
1o2k,1.63,2003,6.92,1.2e-07,1o2k.pdf,(656)
4i72,2.05,2013,9.05,9e-10,4i71.pdf,(UA2)
5n2x,1.21,2017,6.06,8.7e-07,5mnr.pdf,(8KN)
4pnw,2.00,2014,5.05,9e-06,4ovf.pdf,(2VM)
1zs0,1.56,2006,6.15,7e-07,1zs0.pdf,(EIN)
4lkd,2.31,2013,5.35,4.5e-06,4lkd.pdf,(4-mer)
2pwg,2.2,2007,4.82,1.5e-05,2pwd.pdf,(CTS)
4wmy,1.60,2015,7.07,8.5e-08,4wmy.pdf,(3S6)
6cyg,1.50,2019,4.17,6.75e-05,6cyg.pdf,(N5O)
1dmp,2.00,1997,9.55,2.8e-10,1dmp.pdf,(DMQ)
6cc9,NMR,2018,3.15,0.0007,6cc9.pdf,(EWS)
1ai5,2.36,1997,3.72,0.000189,1ai5.pdf,(MNP)
4dmw,2.5,2012,4.94,1.14e-05,4dmw.pdf,(UDP)
2dua,2.00,2006,4.77,1.7e-05,2dua.pdf,(OXL)
6fi4,2.00,2018,5.66,2.2e-06,6fau.pdf,(8-mer)
1rgl,2.00,1993,4.43,3.7e-05,1rgl.pdf,(2GP)
3t6r,1.95,2011,5.66,2.2e-06,3t6r.pdf,(7-mer)
3c14,2.68,2009,3.52,0.0003,3c14.pdf,(POP)
4zw5,1.8,2016,4.43,3.7e-05,4zw3.pdf,(4SA)
4rfr,1.5,2016,6.54,2.9e-07,4rfr.pdf,(RHN)
5ive,1.78,2016,7.57,2.7e-08,5isl.pdf,(6E8)
2l1r,NMR,2010,3.57,0.00027,2l1r.pdf,(SXK)
4m5j,1.70,2014,4.84,1.45e-05,4m5g.pdf,(YH5)
4m5l,1.09,2014,4.72,1.89e-05,4m5g.pdf,(YH4)
6sfc,2.00,2019,5.28,5.2e-06,6sfb.pdf,(L9T)
5cyv,1.52,2015,4.96,1.1e-05,5cyv.pdf,(WCA)
4oex,2.14,2015,5.84,1.45e-06,4oew.pdf,(5EO)
5ets,1.95,2016,5.91,1.24e-06,5etk.pdf,(5RX)
5wb3,2.20,2018,7.22,6e-08,5w44.pdf,(GYA)
3oli,1.50,2011,7.38,4.16e-08,3old.pdf,(7-mer)
4nyt,2.25,2014,2.39,0.0040999999999999,4nyt.pdf,(PC)
3llm,2.80,2010,4.74,1.8e-05,3llm.pdf,(ADP)
5hwu,2.10,2016,5.27,5.35e-06,5hva.pdf,(DUP)
5mos,0.96,2018,3.79,0.000163,5mng.pdf,(D86)
6hq4,2.63,2019,4.65,2.24e-05,6hq3.pdf,(CMP)
3q72,1.66,2011,5.8,1.574e-06,3q72.pdf,(GNP)
4bb9,1.47,2013,6.0,1e-06,4bb9.pdf,(F1P)
4m5i,1.08,2014,5.17,6.7e-06,4m5g.pdf,(YH6)
1vjc,2.10,2004,3.58,0.000263,1vjc.pdf,(ATP)
5dkr,1.74,2016,5.22,6e-06,5dkn.pdf,(5CZ)
5jsj,2.35,2017,5.4,4e-06,5jsg.pdf,(6PD)
6qi4,1.78,2019,4.37,4.3e-05,6qi4.pdf,(FKW)
2zq0,1.6,2008,6.82,1.5e-07,2zq0.pdf,(ACR)
3sh1,2.90,2011,7.39,4.1e-08,3sh1.pdf,(MLK)
4rac,2.05,2015,7.52,3e-08,4rab.pdf,(3L4)
2mas,2.3,1997,7.52,3e-08,2mas.pdf,(PIR)
2qw1,1.70,2008,3.9,0.000125,2qw1.pdf,(3MG)
3orn,2.80,2011,9.62,2.4e-10,3orn.pdf,(3OR)
2xbp,1.20,2010,5.02,9.6e-06,2xbp.pdf,(ATP)
3c94,2.70,2008,6.87,1.36e-07,3c94.pdf,(10-mer)
5ylu,2.80,2018,8.62,2.4e-09,5ylu.pdf,(HKT)
5gof,1.6,2017,4.05,9.01e-05,5goe.pdf,(GTP)
6dyn,2.10,2019,3.19,0.0006389,6dyn.pdf,(HSM)
3a1d,1.85,2009,4.12,7.5e-05,3a1c.pdf,(ADP)
3o0j,1.95,2011,7.19,6.5e-08,3o0j.pdf,(3OJ)
1e4h,1.80,2000,8.41,3.9e-09,1e4h.pdf,(PBR)
6f92,1.90,2018,6.4,4.0000000000000003e-07,6f90.pdf,(MVL)
2vxj,1.90,2008,4.17,6.8e-05,2vxj.pdf,(3-mer)
6h78,2.70,2018,7.33,4.63e-08,6h77.pdf,(ATP)
5ose,1.9,2017,3.17,0.000681,5orl.pdf,(A98)
6aqo,2.64,2018,6.11,7.7e-07,6aps.pdf,(45T)
1yvh,2.05,2005,7.37,4.3e-08,1yvh.pdf,(13-mer)
6peu,1.95,2019,5.89,1.3e-06,6peu.pdf,(12-mer)
2wfj,0.75,2009,7.15,7e-08,2wfj.pdf,(11-mer)
5etl,1.82,2016,4.64,2.3e-05,5etk.pdf,(5RV)
1qb1,1.8,2000,6.77,1.7e-07,1qb1.pdf,(974)
2wic,2.05,2010,5.39,4.1e-06,2wib.pdf,(GNP)
4uat,1.30,2014,5.89,1.3e-06,4uat.pdf,(XBP)
2jsd,NMR,2007,7.77,1.7e-08,2jsd.pdf,(NGH)
1wva,1.94,2005,6.57,2.7e-07,1wva.pdf,(S2C)
6k4r,3.11,2019,5.84,1.45e-06,6k4k.pdf,(AMP)
4oct,2.28,2014,5.05,9e-06,4o61.pdf,(AKG)
3n9s,1.85,2010,5.26,5.5e-06,3n9r.pdf,(TD4)
3fcq,1.75,2009,2.77,0.0017,3f28.pdf,(M3S)
1gwv,2.5,2003,2.57,0.00268,1gwv.pdf,(LAT)
5we9,1.8,2017,7.22,6e-08,5w3i.pdf,(GY7)
4aoc,2.70,2012,4.27,5.38e-05,4aoc.pdf,(A1Q)
6j7e,2.4,2019,5.04,9.2e-06,6j7e.pdf,(AGS)
2rka,1.95,2008,3.0,0.001,2rk7.pdf,(PGA)
5kam,2.48,2016,4.11,7.73e-05,5jsq.pdf,(IMP)
1o2p,1.47,2003,4.85,1.4e-05,1o2p.pdf,(972)
5mi5,2.15,2017,6.77,1.7e-07,5mi4.pdf,(OAN)
1a4r,2.5,1999,6.66,2.2e-07,1a4r.pdf,(GNH)
1uho,2.5,2004,9.22,6e-10,1uho.pdf,(VDN)
1olx,2.25,2003,4.33,4.71e-05,1olx.pdf,(TDP)
5ais,1.85,2015,6.24,5.699999999999999e-07,5ais.pdf,(CWC)
4i73,2.18,2013,6.72,1.9e-07,4i71.pdf,(MBY)
5n34,1.22,2017,4.63,2.327e-05,5mnr.pdf,(8JQ)
4zqt,1.98,2015,5.64,2.3e-06,4zqt.pdf,(4QP)
1utl,1.70,2004,2.47,0.00341,1utl.pdf,(PRA)
2cc7,1.80,2006,8.01,9.88e-09,2cc7.pdf,(LUM)
1f8e,1.40,2001,4.82,1.5e-05,1f8e.pdf,(49A)
6std,1.80,1999,8.64,2.3e-09,6std.pdf,(MS2)
3u6w,2.21,2012,6.92,1.2e-07,3u6w.pdf,(KIV)
5nz4,1.36,2018,6.28,5.2e-07,5nwe.pdf,(G39)
2y4a,2.70,2011,4.38,4.2e-05,2y4a.pdf,(BH6)
3dsu,1.90,2008,7.03,9.4e-08,3dss.pdf,(FPP)
6rfn,2.29,2019,6.7,1.995e-07,6gxq.pdf,(K3W)
3ijy,2.85,2009,6.04,9.1e-07,3ijh.pdf,(2-mer)
6fgc,1.50,2019,5.48,3.3e-06,6fgc.pdf,(D95)
1xt3,2.40,2004,5.7,2.01e-06,1xt3.pdf,(6-mer)
2xbw,1.72,2010,8.0,1e-08,2xbv.pdf,(455)
3ebi,2.00,2009,7.1,7.9e-08,3ebh.pdf,(BEY)
1zyr,3.00,2005,5.74,1.8e-06,1zyr.pdf,(STD)
2uwd,1.9,2007,8.35,4.5e-09,2uwd.pdf,(2GG)
4e5j,2.35,2012,4.73,1.87e-05,4e5f.pdf,(581)
1g3d,1.80,2001,5.55,2.8e-06,1g3d.pdf,(108)
1tl7,2.80,2004,7.92,1.2e-08,1tl7.pdf,(ONM)
6ueg,2.0,2019,4.71,1.95e-05,6uec.pdf,(Q5G)
5nz2,2.85,2017,5.03,9.4e-06,5nyz.pdf,(DUP)
2y4m,2.70,2011,6.46,3.45e-07,2y4j.pdf,(GDX)
4alx,2.30,2012,7.28,5.2e-08,4alx.pdf,(IZN)
2wzs,2.25,2009,3.85,0.00014,2wvz.pdf,(MVL)
6mlf,1.75,2019,4.28,5.3e-05,6mlf.pdf,(JV4)
1o30,1.55,2003,6.77,1.7000000000000001e-07,1o30.pdf,(693)
4xsy,4.01,2015,5.3,5e-06,4xsx.pdf,(42T)
2bow,2.80,1999,4.0,0.0001,2bow.pdf,(P4P)
3f78,1.6,2009,3.1,0.0008,3f78.pdf,(ICF)
4azc,2.09,2013,5.86,1.38e-06,4az5.pdf,(NGW)
5tqe,1.90,2017,6.72,1.9e-07,5tqe.pdf,(7KQ)
3c52,2.30,2008,7.3,5e-08,3c52.pdf,(PGH)
1bju,1.80,1998,4.8,1.6e-05,1bju.pdf,(GP6)
6u5m,1.80,2019,6.29,5.110000000000001e-07,6u5m.pdf,(Q0S)
3iuc,2.40,2009,5.66,2.17e-06,3iuc.pdf,(ADP)
1d3v,1.70,1999,6.96,1.1e-07,1d3v.pdf,(ABH)
5l7f,1.80,2016,9.05,9e-10,5l79.pdf,(2-mer)
4elg,2.10,2013,8.16,6.9000000000000006e-09,4elb.pdf,(52I/52J)
2i19,2.28,2006,7.8,1.6e-08,2i19.pdf,(1BY)
4i71,1.28,2013,7.74,1.8e-08,4i71.pdf,(AGV)
2ff1,2.07,2006,8.21,6.2e-09,2ff1.pdf,(IMH)
2aeb,1.29,2005,8.3,5e-09,2aeb.pdf,(ABH)
1qiw,2.30,2000,7.74,1.8e-08,1qiw.pdf,(DPD)
4zx3,2.00,2016,7.19,6.5e-08,4zw3.pdf,(4TK)
1lvc,3.60,2002,6.0,1e-06,1lvc.pdf,(DOT)
5c2o,2.35,2016,4.55,2.82e-05,5c2o.pdf,(TTP)
5d9p,1.80,2015,3.2,0.00063,5d9p.pdf,(NBG)
4gzp,2.30,2012,7.84,1.43e-08,4gzp.pdf,(G39)
3ljo,1.5,2010,6.62,2.39e-07,2zdk.pdf,(11U)
3rbu,1.60,2012,9.43,3.7e-10,3rbu.pdf,(G88)
1v16,1.9,2004,3.87,0.0001348,1v16.pdf,(TDP)
2ww0,2.80,2009,5.3,5e-06,2wvz.pdf,(SWA)
3q43,1.80,2011,7.37,4.3e-08,3q43.pdf,(D66)
2z94,1.78,2007,5.85,1.4e-06,2z94.pdf,(TLD)
6om2,2.77,2019,7.75,1.77e-08,6om2.pdf,(11-mer)
1o3f,1.55,2003,7.96,1.1e-08,1o3f.pdf,(696)
2v0n,2.71,2007,6.3,5e-07,2v0n.pdf,(C2E)
1rdl,1.70,1996,2.24,0.0057,1rdl.pdf,(MMA)
1o2s,1.65,2003,5.47,3.4e-06,1o2s.pdf,(CR4)
4jmg,1.40,2014,8.82,1.5e-09,4jmg.pdf,(13-mer)
4pvx,2.18,2015,6.76,1.72e-07,4pvx.pdf,(YS1)
1n51,2.30,2003,4.85,1.4e-05,1n51.pdf,(4-mer)
2yi7,1.40,2012,8.32,4.8e-09,2yi0.pdf,(BZ8)
1qcp,1.80,1999,7.52,3e-08,1qcp.pdf,(RWJ)
5osd,1.99,2017,3.21,0.000619,5orl.pdf,(A9B)
4i74,1.68,2013,6.72,1.9e-07,4i71.pdf,(MBY)
3rx5,1.99,2011,6.27,5.4e-07,3rx5.pdf,(G2I)
4ufk,2.40,2015,3.89,0.00013,4ufh.pdf,(LDU)
5mtv,2.79,2017,4.11,7.7e-05,5mtv.pdf,(AGS)
3t2q,2.4,2012,3.66,0.00022,3t08.pdf,(149)
4m5h,1.11,2014,4.54,2.9e-05,4m5g.pdf,(YH2)
5nyz,2.50,2017,5.03,9.4e-06,5nyz.pdf,(DUP)
4ycl,3.25,2015,8.15,7e-09,2ear.pdf,(CZA)
1f8b,1.80,2001,5.4,4e-06,1f8b.pdf,(DAN)
1y3y,1.75,2005,5.64,2.3e-06,1y3y.pdf,(UIR)
4j3u,1.70,2014,6.34,4.6000000000000004e-07,4j3u.pdf,(9-mer)
4ovg,1.9,2014,3.69,0.000204,4ovf.pdf,(2VF)
2rk8,2.00,2008,3.64,0.00023,2rk7.pdf,(PPF)
6agk,2.80,2019,5.58,2.66e-06,6agk.pdf,(9WR)
3zi8,1.5,2013,5.66,2.2e-06,3zi8.pdf,(FU4)
1c1r,1.37,2000,7.63,2.35e-08,1c1r.pdf,(BAI)
6hzb,1.90,2019,8.98,1.05e-09,6hlb.pdf,(5-mer)
5mtw,1.84,2018,5.72,1.9e-06,5mtw.pdf,(13-mer)
1ciz,1.64,1999,7.44,3.6e-08,1ciz.pdf,(DPS)
1q9d,2.35,2003,4.6,2.5e-05,1q9d.pdf,(OI1)
4e5i,2.94,2012,5.3,5.01e-06,4e5f.pdf,(0N9)
3zdv,1.41,2013,5.48,3.3e-06,3zdv.pdf,(F1A-MMA)
5aqu,1.92,2016,2.98,0.00104,5aqf.pdf,(UX0)
5wa7,2.20,2018,6.4,4.0000000000000003e-07,5w44.pdf,(KU4)
1lkx,3.00,2002,5.15,7.1e-06,1lkx.pdf,(ADP)
6nu1,2.25,2019,4.51,3.12e-05,6nu1.pdf,(CYS)
4y2q,2.40,2015,2.92,0.0012,4y2j.pdf,(49N)
6eq1,2.10,2018,4.61,2.46e-05,6epy.pdf,(STW)
2e95,2.20,2007,7.1,8e-08,2e8t.pdf,(B75)
5wg9,2.30,2018,5.59,2.6e-06,5w44.pdf,(KU4)
5agi,1.47,2015,4.34,4.6e-05,5agi.pdf,(ANZ)
2y55,2.60,2011,3.87,0.000134,2y4a.pdf,(FP5)
4x8u,2.1,2015,2.46,0.0035,4x8s.pdf,(3ZB)
2xef,1.59,2010,9.84,1.45e-10,2xef.pdf,(AR8)
6mnf,2.76,2018,5.89,1.3e-06,1zls.pdf,(7-mer)
6nng,2.40,2019,4.23,5.94e-05,6nng.pdf,(DJ9)
1t4s,2.80,2004,2.44,0.0036,1t4s.pdf,(VAL)
3m37,1.9,2010,9.04,9.1e-10,3m35.pdf,(M37)
3b9g,1.40,2008,4.72,1.9e-05,3b9g.pdf,(IMH)
4zw7,1.95,2016,4.72,1.9e-05,4zw3.pdf,(4SZ)
3ncq,1.24,2010,5.36,4.4e-06,3ncq.pdf,(ATP)
4a7i,2.40,2012,8.7,2e-09,4a7i.pdf,(A7I)
5cgv,2.17,2016,6.47,3.400000000000001e-07,5cgv.pdf,(0N8)
1gvk,0.94,2002,3.05,0.00089,1gvk.pdf,(4-mer)
6h9x,2.10,2019,9.74,1.8e-10,6h9x.pdf,(SSA)
1g9r,2.00,2001,5.7,2e-06,1g9r.pdf,(UPF)
4rad,2.00,2015,7.1,8e-08,4rab.pdf,(3L5)
2ews,2.05,2006,6.62,2.4e-07,2ews.pdf,(ANP)
1t5a,2.80,2005,4.62,2.4e-05,1t5a.pdf,(OXL)
2yhy,1.82,2012,5.6,2.5e-06,2yhw.pdf,(BM3)
4oc3,1.79,2014,8.28,5.2999999999999995e-09,4oc0.pdf,(2QP)
1inc,1.94,1994,9.34,4.6e-10,1inc.pdf,(ICL)
3ebh,1.65,2009,6.32,4.782e-07,3ebh.pdf,(BES)
1ao0,2.80,1997,4.96,1.1e-05,1ao0.pdf,(ADP)
6fjf,2.40,2018,8.17,6.8e-09,6fii.pdf,(DKE)
1y3w,1.80,2005,5.77,1.68e-06,1y3w.pdf,(UIP)
1o3d,1.33,2003,7.13,7.4e-08,1o3d.pdf,(780)
3axm,1.65,2012,5.07,8.5e-06,3axk.pdf,(6PG)
6faw,1.40,2018,5.57,2.7e-06,6fau.pdf,(8-mer)
3ldw,2.47,2010,7.97,1.07e-08,3ldw.pdf,(ZOL)
1g5f,1.80,2001,2.64,0.00231,1g5f.pdf,(DCE)
5uv5,3.00,2017,7.7,2e-08,5uv5.pdf,(Y55)
6dh0,1.90,2018,10.59,2.56e-11,6dgx.pdf,(017)
3cft,1.87,2009,4.19,6.4e-05,3cfn.pdf,(5NS)
4bah,1.94,2013,8.7,2.01e-09,4bah.pdf,(MEL)
6pve,2.30,2019,7.37,4.3e-08,6pve.pdf,(OZP)
1b32,1.75,1998,7.1,7.9e-08,1b32.pdf,(3-mer)
6abk,1.58,2019,1.95,0.0113,6aac.pdf,(9VF)
2pmc,2.69,2008,4.19,6.47e-05,2pl9.pdf,(15-mer)
1h1d,2.00,2003,8.22,6e-09,1h1d.pdf,(BIA)
5osk,2.11,2017,5.6,2.5e-06,5osk.pdf,(A9Q)
3ckz,1.90,2008,8.72,1.9e-09,3ckz.pdf,(ZMR)
6bh0,1.99,2018,6.66,2.2e-07,6bgu.pdf,(DO1)
4ngm,1.84,2014,10.35,4.49e-11,4ngm.pdf,(JB7)
1bty,1.50,1995,4.74,1.84e-05,1bty.pdf,(BEN)
2xn5,1.70,2011,6.69,2.05e-07,2xn3.pdf,(FUN)
5t54,1.65,2016,9.06,8.7e-10,5t52.pdf,(3-mer)
3mjl,1.9,2010,2.44,0.0036,3mjl.pdf,(2AI)
6eeb,1.96,2019,5.3,5e-06,6eeb.pdf,(J6P)
6rfw,2.18,2019,6.5,3.16e-07,6gxq.pdf,(K1Q)
2f6t,1.7,2005,4.62,2.4e-05,2f6t.pdf,(1C2)
5uwn,3.20,2017,7.87,1.35e-08,5uwk.pdf,(8O7)
1oh4,1.35,2004,3.74,0.0001799999999999,1oh4.pdf,(7-mer)
1v2o,1.62,2004,4.73,1.845e-05,1v2o.pdf,(ANH)
5ix0,1.72,2016,6.28,5.19e-07,5iwg.pdf,(6EZ)
3cl0,2.2,2008,7.07,8.479999999999999e-08,3ckz.pdf,(G39)
1c5t,1.37,2000,4.1,8e-05,1c5t.pdf,(ESP)
5l9l,1.80,2016,7.1,7.940000000000002e-08,5l9g.pdf,(GOP)
5os2,1.92,2017,2.74,0.001821,5orl.pdf,(A7K)
2xi7,2.20,2010,5.14,7.2000000000000005e-06,2xi7.pdf,(XI7)
1yyr,2.50,2005,6.29,5.1e-07,1yyr.pdf,(SAZ)
6iph,1.65,2019,6.66,2.2e-07,6aec.pdf,(DTP)
2xc0,2.05,2010,6.72,1.92e-07,2xbv.pdf,(8NC)
4aze,3.15,2012,8.11,7.8e-09,4aze.pdf,(3RA)
1hyo,1.30,2001,4.07,8.48e-05,1hyo.pdf,(HBU)
6aeh,1.64,2019,5.75,1.77e-06,6aec.pdf,(UTP)
6fkq,3.07,2018,8.0,1e-08,5z5k.pdf,(19-mer)
3qc9,2.70,2011,6.06,8.8e-07,3qc9.pdf,(ADP)
5moq,.93,2018,4.68,2.07e-05,5mng.pdf,(BAM)
5oht,1.87,2018,6.02,9.6e-07,5ohs.pdf,(9VH)
6d3q,2.24,2019,8.47,3.4e-09,6d3q.pdf,(4NG)
1y8p,2.63,2005,6.08,8.4e-07,1y8p.pdf,(ATP)
5olk,2.45,2018,6.0,1e-06,5olk.pdf,(DTP)
2xeg,1.59,2010,10.7,2e-11,2xef.pdf,(CI9)
6mm5,1.95,2019,4.54,2.9100000000000003e-05,6mm5.pdf,(12-mer)
6ar9,2.28,2018,5.18,6.54e-06,6aps.pdf,(3L4)
1c5p,1.43,2000,4.68,2.1e-05,1c5p.pdf,(BAM)
5m0m,2.10,2017,8.22,6e-09,5m0d.pdf,(7CF)
4lil,2.60,2013,4.9,1.25e-05,4lik.pdf,(UTP)
3gk1,2.1,2009,4.1,8e-05,3gk1.pdf,(32A)
2y80,1.9,2011,8.05,9e-09,2y7z.pdf,(439)
3lle,1.85,2010,4.97,1.07e-05,3lk0.pdf,(SGE)
1ch8,2.50,1999,7.0,1.0000000000000001e-07,1ch8.pdf,(GPX)
1xfv,3.35,2005,3.89,0.00013,1xfv.pdf,(3AT)
5knx,2.40,2017,6.1,8.000000000000001e-07,5knx.pdf,(6WC)
5a3o,1.60,2015,4.73,1.85e-05,5a3o.pdf,(DH6-MMA)
1k1y,2.4,2003,3.22,0.0006,1k1y.pdf,(ACR)
6g22,1.85,2018,7.56,2.77e-08,6g22.pdf,(2O2)
3fed,1.29,2009,7.46,3.46e-08,3fec.pdf,(BIX)
5acw,1.80,2015,3.84,0.000145,5acw.pdf,(RHU)
4qlv,2.90,2014,7.85,1.4e-08,4qlq.pdf,(39Q)
4b4q,2.00,2012,5.75,1.76e-06,4b4q.pdf,(6-mer)
5kxc,1.80,2016,5.26,5.45e-06,5kxc.pdf,(6Y2)
4b5t,1.92,2012,3.33,0.00047,4b5s.pdf,(2KT)
6hzx,2.91,2019,8.38,4.2e-09,6hzx.pdf,(10-mer)
6b97,1.76,2017,6.63,2.37e-07,6b96.pdf,(CZY)
6mxd,2.96,2019,5.23,5.83e-06,6mxb.pdf,(IMP)
5mqt,3.20,2017,5.7,2e-06,5mqj.pdf,(STI)
4abb,1.25,2012,4.51,3.1e-05,4ab8.pdf,(K9S)
1q54,1.93,2003,5.85,1.4e-06,1q54.pdf,(BHI)
5hv1,3.10,2016,4.1,7.94e-05,5hv1.pdf,(RFP)
5std,1.95,1999,10.49,3.2e-11,5std.pdf,(UNN)
1ax1,1.95,1998,3.29,0.000515,1ax1.pdf,(GLC-GAL)
6gf3,2.40,2019,4.84,1.43e-05,6gf3.pdf,(EX5)
2w73,1.45,2009,6.52,3e-07,2w73.pdf,(17-mer)
5e4w,2.80,2015,4.64,2.3e-05,5e4w.pdf,(9-mer)
5ldp,1.80,2017,4.17,6.7e-05,5ldk.pdf,(ATP)
3ljz,2.0,2011,8.14,7.3e-09,3ljt.pdf,(LA3)
6fa5,2.30,2018,6.75,1.79e-07,6fa5.pdf,(ADP)
3bb1,2.80,2008,3.6,0.00025,3bb1.pdf,(GNP)
5n31,1.37,2017,5.79,1.61e-06,5mnr.pdf,(8LB)
5orj,1.99,2018,4.77,1.7e-05,5oqu.pdf,(A4Q)
1utn,1.15,2004,3.49,0.000321,1utn.pdf,(ABN)
1yq7,2.2,2005,7.09,8.220000000000002e-08,1yq7.pdf,(RIS)
3hww,1.95,2009,7.12,7.5e-08,3hww.pdf,(AKG)
1v2k,2.00,2004,6.19,6.5e-07,1v2k.pdf,(ZEN)
3n5u,3.20,2010,5.92,1.2e-06,3n5u.pdf,(13-mer)
6inz,2.29,2019,5.8,1.6e-06,6inz.pdf,(2-mer)
3tfp,2.0,2012,6.47,3.400000000000001e-07,3tfn.pdf,(03L)
4nzo,1.90,2014,6.77,1.7000000000000001e-07,4nzm.pdf,(2OV)
2vvc,1.95,2009,8.52,3e-09,2vvc.pdf,(LZF)
3jwq,2.87,2009,7.6,2.5e-08,3jwq.pdf,(VIA)
6h9v,1.52,2019,0.66,0.22,6h9v.pdf,(MFU)
1o3l,1.4,2003,6.54,2.9e-07,1o3l.pdf,(678)
6b3v,1.60,2018,9.69,2.03e-10,6b3v.pdf,(7DQ)
1rdj,1.80,1996,1.66,0.0217,1rdj.pdf,(MFB)
4pft,1.75,2014,8.64,2.3e-09,4pft.pdf,(MAB)
5wdw,2.30,2018,6.54,2.9e-07,5w44.pdf,(8KU)
6q89,2.21,2019,9.85,1.4e-10,6hb5.pdf,(LSS)
4xtp,1.97,2016,4.26,5.54e-05,4xtp.pdf,(TNR)
5g61,2.40,2017,6.4,4.0000000000000003e-07,5g5z.pdf,(FNY)
5zt1,3.11,2018,4.67,2.123e-05,5zt1.pdf,(AGS)
6q8c,2.31,2019,7.68,2.08e-08,6hb5.pdf,(LSU)
6hmy,1.60,2019,7.24,5.77e-08,6hmy.pdf,(6-mer)
1g3b,1.80,2001,5.74,1.8e-06,1g3b.pdf,(108)
3gy4,1.55,2010,5.1,8e-06,3gy2.pdf,(PBZ)
1u2y,1.95,2004,1.74,0.018,1u2y.pdf,(GOX)
4wef,2.50,2015,2.59,0.002577,4wef.pdf,(DF4)
4ijq,2.00,2013,7.52,3e-08,4ijq.pdf,(SV2)
5ogl,2.70,2017,4.31,4.85e-05,5ogl.pdf,(9UB)
6d5h,1.80,2018,6.92,1.2e-07,6d55.pdf,(FV7)
3q2j,2.15,2011,4.18,6.61e-05,3q2j.pdf,(CKI)
5b25,1.90,2016,10.24,5.8e-11,5b25.pdf,(4QJ)
1t3t,1.90,2004,4.96,1.1e-05,1t3t.pdf,(ADP)
5kns,2.79,2017,6.12,7.5e-07,5kns.pdf,(3L7)
1o2v,1.50,2003,5.85,1.4e-06,1o2v.pdf,(847)
1o2r,1.45,2003,5.21,6.1e-06,1o2r.pdf,(CR9)
2fov,1.15,2006,7.55,2.8e-08,2fov.pdf,(B30)
5agt,1.45,2016,7.12,7.5e-08,5agr.pdf,(A2H)
1o3b,1.75,2003,7.13,7.4e-08,1o3b.pdf,(780)
3i3b,2.2,2010,2.23,0.0059,3i3b.pdf,(149)
1o2u,1.41,2003,5.85,1.4e-06,1o2u.pdf,(847)
5lwd,1.23,2016,6.24,5.699999999999999e-07,5lif.pdf,(79E)
4yb7,2.20,2016,3.8,0.000158,4yb5.pdf,(ATP)
5etk,1.09,2016,5.82,1.5e-06,5etk.pdf,(5RU)
1zvx,1.87,2006,9.22,6e-10,1zvx.pdf,(FIN)
5nze,1.69,2018,6.39,4.1e-07,5nwe.pdf,(G39)
3hvj,1.79,2009,8.7,2e-09,3hvj.pdf,(705)
4rd6,1.94,2015,6.28,5.2e-07,4rcy.pdf,(GDP)
5bsk,2.61,2015,6.22,6e-07,5brn.pdf,(4X7)
4zx5,1.95,2016,6.19,6.4e-07,4zw3.pdf,(4TM)
4e9u,2.10,2012,5.82,1.5e-06,4e9u.pdf,(RWY)
1gag,2.70,2001,6.12,7.5e-07,1gag.pdf,(13-mer)
3iqu,1.05,2010,4.77,1.7e-05,3iqj.pdf,(6-mer)
1o2o,1.63,2003,6.36,4.4e-07,1o2o.pdf,(950)
6hgz,1.86,2018,5.97,1.08e-06,6g1p.pdf,(AR6)
4c1y,2.23,2014,3.6,0.000251,4ah4.pdf,(MFB)
1o38,1.38,2003,6.82,1.5e-07,1o38.pdf,(653)
6bs3,2.3,2019,5.82,1.5e-06,6bs3.pdf,(ADP)
4ufl,2.40,2015,2.64,0.0023,4ufh.pdf,(DZX)
1yfz,2.2,2005,4.35,4.5e-05,1yfz.pdf,(IMP)
1yys,2.75,2005,6.33,4.700000000000001e-07,1yys.pdf,(SAZ)
6hza,1.90,2019,9.3,5.04e-10,6hlb.pdf,(5-mer)
4nym,3.55,2014,3.55,0.000279,4nyi.pdf,(RND)
1tng,1.80,1994,2.93,0.00117,1tng.pdf,(AMC)
5moe,1.89,2017,3.28,0.00052,5ct0.pdf,(OQC)
1ols,1.85,2003,5.82,1.52e-06,1ols.pdf,(TDP)
2cji,2.10,2006,8.22,6e-09,2cji.pdf,(GSK)
3bpc,1.85,2009,4.8,1.6e-05,3bpc.pdf,(2-mer)
4iu1,1.95,2013,4.3,5e-05,4iu0.pdf,(NNH)
3d2r,2.03,2008,5.48,3.3e-06,2zkj.pdf,(ADP)
3hzy,2.10,2010,7.0,1.0000000000000001e-07,3hzk.pdf,(KDA&KDO)
3i9g,1.9,2009,8.96,1.1e-09,3i9g.pdf,(S1P)
1c5n,1.50,2000,4.7,2e-05,1c5n.pdf,(ESI)
3sfg,2.21,2012,6.06,8.65e-07,3sfg.pdf,(2TU)
3hpt,2.19,2009,8.19,6.5e-09,3hpt.pdf,(YET)
3zyr,1.65,2012,5.34,4.6e-06,3zyr.pdf,(8-mer)
4zxx,2.60,2015,8.1,8e-09,4zxx.pdf,(4T0)
6jax,1.70,2019,4.42,3.843e-05,6jav.pdf,(8-mer)
4qfr,3.34,2014,8.13,7.4e-09,4qfg.pdf,(32J)
2wqp,1.75,2009,5.51,3.1e-06,2wqp.pdf,(WQP)
4m6u,1.8,2014,2.74,0.0018,4m6u.pdf,(TTN)
1y3p,2.0,2005,4.82,1.5e-05,1y3p.pdf,(4-mer)
2vrj,1.9,2008,6.3,5e-07,2vrj.pdf,(NCW)
2jdp,1.30,2007,6.6,2.5e-07,2jdp.pdf,(MFU)
5u6j,2.3,2017,7.64,2.3e-08,5u6j.pdf,(82J)
2gvv,1.73,2006,3.9,0.000125,2gvv.pdf,(DI9)
3n35,2.0,2011,3.37,0.000431,3n35.pdf,(A2G)
3v0l,1.75,2013,5.52,3e-06,3v0l.pdf,(2GW)
6g8i,1.60,2019,5.17,6.71e-06,6g6x.pdf,(11-mer)
4odq,2.00,2015,4.47,3.425e-05,4odk.pdf,(16-mer)
5nwe,2.00,2018,4.88,1.32e-05,5nwe.pdf,(G39)
1lqe,2.20,2003,5.82,1.507e-06,1lqe.pdf,(IMA)
6bvh,1.93,2018,9.15,7e-10,6bvh.pdf,(14-mer)
4btx,2.78,2013,6.54,2.9e-07,4btw.pdf,(WF8)
3vd4,2.00,2012,4.82,1.5e-05,3vd4.pdf,(IPT)
1ghz,1.39,2002,4.8,1.6e-05,1ghz.pdf,(120)
6ntj,1.90,2019,6.47,3.400000000000001e-07,6np2.pdf,(LLL)
3nam,3.10,2010,8.46,3.5e-09,3nal.pdf,(OTK)
5mhp,2.43,2017,7.82,1.5e-08,5mhp.pdf,(7NB)
6f1j,1.25,2018,4.62,2.4e-05,6f1j.pdf,(EDG)
4elb,2.60,2013,8.3,5e-09,4elb.pdf,(34R/34S)
6mlh,1.65,2019,3.67,0.000213,6mlf.pdf,(GPM)
4yw7,1.82,2015,6.89,1.3e-07,4yw6.pdf,(4J0)
4x3r,1.86,2015,11.07,8.6e-12,4x3r.pdf,(686)
4l3o,2.52,2014,6.0,1e-06,4l3o.pdf,(16-mer)
5os5,1.74,2017,3.39,0.00041,5orl.pdf,(A8K)
2hwg,2.70,2006,3.55,0.00028,2hwg.pdf,(OXL)
1td7,2.5,2004,4.37,4.3e-05,1td7.pdf,(NFL)
4pio,1.51,2014,5.7,2e-06,4pin.pdf,(AVI)
1xz8,2.80,2005,4.52,3e-05,1xz8.pdf,(U5P)
5cfa,1.45,2015,6.54,2.9e-07,5cfa.pdf,(15-mer)
1ucn,2.00,2003,5.22,6e-06,1ucn.pdf,(ADP)
3lc5,2.62,2010,6.57,2.7e-07,3lc5.pdf,(IZX)
4est,1.78,1992,5.02,9.5e-06,4est.pdf,(5-mer)
5u94,2.20,2017,7.19,6.4e-08,5u94.pdf,(G93)
2y7x,1.9,2011,8.89,1.3e-09,2y7x.pdf,(MZA)
5tmn,1.6,1989,8.04,9.1e-09,5tmn.pdf,(0PJ)
4dx9,2.99,2013,5.3,5e-06,4dx8.pdf,(15-mer)
6fii,2.41,2018,8.02,9.5e-09,6fii.pdf,(SG9)
5t52,1.70,2016,9.28,5.200000000000001e-10,5t52.pdf,(A2G/NGA)
3r6c,1.83,2012,4.72,1.9e-05,3qqs.pdf,(17N)
2zcq,2.38,2008,8.82,1.5e-09,2zcp.pdf,(B65)
5web,2.25,2018,8.0,1e-08,5w44.pdf,(KU5)
1ezq,2.20,2000,9.05,9e-10,1ezq.pdf,(RPR)
1wkm,2.30,2005,0.82,0.15,1wkm.pdf,(MET)
4cff,3.92,2013,6.4,4.0000000000000003e-07,4cfe.pdf,(C1V)
3l7g,2.70,2010,3.3,0.0005,3l7g.pdf,(M44)
4q3q,2.00,2014,5.89,1.3e-06,4q3q.pdf,(ABH)
2usn,2.2,1998,6.51,3.1e-07,2usn.pdf,(IN8)
1e03,2.90,2000,9.4,4e-10,1e03.pdf,(NTP)
4ykk,1.38,2015,2.77,0.0017,4ykj.pdf,(DSN)
4rhy,2.32,2015,5.95,1.13e-06,4rht.pdf,(3QG)
1utp,1.30,2004,1.44,0.036,1utp.pdf,(PBN)
5mnn,0.86,2018,3.84,0.000143,5mng.pdf,(MRZ)
2xei,1.69,2010,10.62,2.4e-11,2xef.pdf,(ARK)
3eks,1.80,2008,5.7,2e-06,3eks.pdf,(CY9)
1sfi,1.65,1999,10.0,1e-10,1sfi.pdf,(14-mer)
4hgc,1.29,2013,10.0,1e-10,4hgc.pdf,(14-mer)
4lno,2.90,2013,2.62,0.0024,4lnf.pdf,(GLN)
6faa,1.97,2018,6.75,1.79e-07,6fa5.pdf,(ADP)
5t19,2.1,2017,4.49,3.2e-05,5t19.pdf,(73U)
2e92,2.31,2007,6.89,1.3e-07,2e8t.pdf,(M0N)
6f7b,2.00,2018,8.89,1.3e-09,6f7b.pdf,(CVQ)
5g22,2.32,2017,7.0,1.0000000000000001e-07,5g1z.pdf,(YN4)
1v2j,1.90,2004,3.25,0.000566,1v2j.pdf,(BEN)
5mim,1.90,2017,7.34,4.6e-08,5mim.pdf,(1N)
3t8v,1.8,2011,6.59,2.6e-07,3t8v.pdf,(BTJ)
1ryh,1.75,2004,7.56,2.76e-08,1ryh.pdf,(GNP)
1axz,1.95,1998,3.2,0.000637,1axz.pdf,(GAL)
4ayu,1.50,2013,4.73,1.86e-05,4avt.pdf,(N8P)
4lpf,2.30,2013,3.51,0.00031,4lpf.pdf,(3TR)
4lk7,1.76,2013,5.04,9.1e-06,4ljh.pdf,(2-mer)
1s26,3.00,2004,3.07,0.00085,1s26.pdf,(APC)
6f9v,1.69,2018,6.76,1.719e-07,6f9r.pdf,(D0Z)
4mzf,2.10,2014,7.35,4.5e-08,4mzf.pdf,(9-mer)
6p8z,1.65,2019,4.7,2e-05,6p8w.pdf,(O5S)
6eqv,1.9,2018,6.62,2.38e-07,6eqv.pdf,(5-mer)
3ux0,1.75,2013,6.26,5.5e-07,3ux0.pdf,(6-mer)
1mq6,2.1,2003,11.15,7e-12,1mq6.pdf,(XLD)
3hp9,1.6,2010,4.59,2.6e-05,3hl8.pdf,(CF1)
5mo0,1.50,2018,4.68,2.07e-05,5mng.pdf,(BAM)
3nkk,1.12,2010,4.7,2e-05,3nk8.pdf,(JLZ)
2oa0,3.40,2007,6.92,1.2e-07,2o9j.pdf,(CZA)
4mg5,2.05,2014,5.34,4.53e-06,4mg5.pdf,(27E)
2ad5,2.80,2005,3.96,0.00011,2ad5.pdf,(CTP)
5a6b,1.77,2015,8.1,7.9e-09,5a69.pdf,(OAN)
1lqd,2.70,2003,8.05,9e-09,1lqd.pdf,(CMI)
1o2x,1.46,2003,5.85,1.4e-06,1o2x.pdf,(847)
3muz,1.90,2011,3.46,0.00035,3muz.pdf,(IPT)
4x8s,2.10,2015,1.89,0.013,4x8s.pdf,(3Z7)
6f7c,2.00,2018,5.9,1.26e-06,6f7c.pdf,(CVT)
3sjf,1.65,2011,7.64,2.3e-08,3sje.pdf,(JRG)
4xqa,1.41,2015,4.99,1.03e-05,4k6t.pdf,(423)
6fa2,2.60,2018,6.66,2.2e-07,5ocg.pdf,(D2W)
6ibv,1.40,2019,5.23,5.9e-06,6ibs.pdf,(H9E)
3fbr,3.50,2009,4.82,1.5e-05,3dnt.pdf,(9-mer)
1fpy,2.89,2001,6.0,1e-06,1fpy.pdf,(PPQ)
2qta,1.85,2007,5.76,1.75e-06,2qta.pdf,(TDP)
4c4n,2.36,2013,6.1,8.000000000000001e-07,4c4m.pdf,(6-mer)
3k37,2.0,2010,8.92,1.2e-09,3k37.pdf,(BCZ)
4ovf,2.05,2014,4.13,7.4e-05,4ovf.pdf,(2VG)
3fa3,2.60,2009,5.6,2.5e-06,3fa3.pdf,(OAF)
4fvq,1.75,2012,6.0,1e-06,4fvq.pdf,(ATP)
5aei,1.83,2016,8.96,1.1e-09,5aei.pdf,(10-mer)
1mmq,1.9,1996,7.52,3e-08,1mmq.pdf,(RRS)
6g2l,1.48,2018,7.17,6.8e-08,6g2l.pdf,(EJ8)
1v2t,1.9,2004,4.71,1.956e-05,1v2t.pdf,(ANH)
5n69,2.45,2017,6.54,2.9e-07,5n69.pdf,(2OW)
4ocz,2.94,2014,9.18,6.6e-10,4ocz.pdf,(2RU)
5jss,1.19,2016,6.45,3.54e-07,5js3.pdf,(6NG)
1yyy,2.10,1999,5.09,8.1e-06,1yyy.pdf,(0KV)
2rio,2.40,2008,4.69,2.04e-05,2rio.pdf,(ADP)
2yhw,1.64,2012,5.6,2.5e-06,2yhw.pdf,(BM3)
2jdm,1.70,2007,5.4,3.96e-06,2jdm.pdf,(MFU)
2y1n,2.00,2012,4.77,1.7e-05,2y1n.pdf,(12-mer)
1gi4,1.37,2002,7.19,6.5e-08,1gi4.pdf,(122)
3bxz,3.00,2008,6.72,1.9e-07,3bxz.pdf,(ADP)
1ppi,2.2,1995,5.01,9.7e-06,1ppi.pdf,(4-mer)
3f19,1.13,2008,7.19,6.51e-08,3f15.pdf,(HS6)
2y4s,2.10,2011,6.15,7e-07,2y4s.pdf,(BCD)
5mra,3.74,2017,8.0,1e-08,5mra.pdf,(DM2)
1k1l,2.5,2001,6.9,1.25e-07,1k1l.pdf,(FD3)
3a1c,1.85,2009,4.0,0.0001,3a1c.pdf,(ACP)
5fsc,1.95,2017,2.36,0.0044,5fsb.pdf,(G8Z)
2yjq,2.25,2011,5.28,5.2e-06,2yjq.pdf,(3-mer)
1thl,1.70,1994,6.42,3.8e-07,1thl.pdf,(0DB)
4y79,2.1,2015,7.96,1.1e-08,4y76.pdf,(4O6)
1v1m,2.00,2004,3.94,0.000115,1v1m.pdf,(TDP)
2jke,1.70,2008,4.23,5.9e-05,2jke.pdf,(NOJ)
6bs5,3.10,2019,5.7,2e-06,6bs3.pdf,(ANP)
1f8d,1.40,2001,3.4,0.0004,1f8d.pdf,(9AM)
3esj,2.70,2009,3.03,0.000925,3elc.pdf,(CC7)
1h4w,1.70,2002,4.66,2.2e-05,1h4w.pdf,(BEN)
6q8b,2.20,2019,7.53,2.95e-08,6hb5.pdf,(L3U)
6bgy,1.22,2018,6.82,1.5e-07,6bgu.pdf,(DLJ)
4qkd,1.35,2014,4.09,8.09e-05,4qkd.pdf,(AKG)
2uwp,1.75,2007,6.81,1.54e-07,2uwp.pdf,(894)
6gj8,1.65,2019,5.87,1.36e-06,6gj5.pdf,(F0K)
1g3e,1.8,2001,5.38,4.2e-06,1g3e.pdf,(109)
6n54,2.42,2019,7.75,1.78e-08,6n53.pdf,(KEA)
5ylv,2.80,2018,6.82,1.5e-07,5ylu.pdf,(8WX)
1z3j,NMR,2005,8.0,1e-08,1z3j.pdf,(NGH)
1j15,2.00,2002,3.84,0.000143,1j15.pdf,(BEN)
4o2a,2.50,2014,5.74,1.8e-06,4o2a.pdf,(2RR)
5d1r,2.0,2015,4.84,1.44e-05,5d1r.pdf,(56S)
3e6v,1.72,2008,6.83,1.47e-07,3e6k.pdf,(ABH)
2vr0,2.80,2008,4.42,3.8e-05,2vr0.pdf,(HQO)
4ran,2.55,2015,7.15,7e-08,4rab.pdf,(3L6)
5sve,2.60,2017,5.74,1.8e-06,5sve.pdf,(18-mer)
5jt9,1.26,2016,6.63,2.33e-07,5js3.pdf,(7AF)
4qrh,1.65,2015,5.15,7e-06,4qrh.pdf,(0O2)
1dgm,1.80,2000,5.05,8.900000000000001e-06,1dgm.pdf,(ADN)
3zyb,2.29,2011,5.38,4.2e-06,3zyb.pdf,(4-mer)
1elc,1.75,1994,6.66,2.2e-07,1elc.pdf,(0Z3)
6o2p,3.30,2019,8.18,6.5999999999999995e-09,6o1v.pdf,(VX7)
3vjc,1.89,2012,7.72,1.89e-08,3vjc.pdf,(ZGA)
5n2t,1.38,2017,5.08,8.400000000000001e-06,5mnr.pdf,(8KK)
6eyt,2.21,2018,5.72,1.9e-06,6eyt.pdf,(UDP)
3exh,2.44,2008,4.88,1.31e-05,3exe.pdf,(TPP)
4wmu,1.55,2015,6.74,1.8e-07,4wmr.pdf,(19H)
3jwr,2.99,2009,8.07,8.5e-09,3jwq.pdf,(IBM)
2yi0,1.60,2012,8.12,7.5e-09,2yi0.pdf,(YI0)
2w26,2.08,2008,9.4,4e-10,2w26.pdf,(RIV)
4ccd,1.97,2013,4.49,3.2e-05,4ccc.pdf,(2DG)
5osl,1.95,2018,3.43,0.000375,5oqu.pdf,(A9K)
5hva,2.10,2016,7.07,8.6e-08,5hva.pdf,(DUP)
5er5,1.26,2016,3.67,0.0002154,5er5.pdf,(ET)
1mrs,2.00,2003,3.96,0.00011,1mrs.pdf,(5HU)
5moc,1.80,2017,4.63,2.36e-05,5mhc.pdf,(12-mer)
4rd0,1.71,2015,6.62,2.4e-07,4rcy.pdf,(GDP)
3hjo,1.95,2009,6.52,3e-07,3hjo.pdf,(EAA)
2ovy,1.8,2007,8.4,4e-09,2o8h.pdf,(PFJ)
1kf0,2.50,2002,2.55,0.0028,1kf0.pdf,(ACP)
2jt5,NMR,2008,7.74,1.8e-08,2jt5.pdf,(JT5)
4z7n,2.60,2015,5.04,9.03e-06,4z7n.pdf,(4-mer)
1jfh,2.03,1998,2.05,0.009,1jfh.pdf,(MA2-MA3)
1v2w,1.75,2004,4.01,9.779e-05,1v2w.pdf,(ANH)
2b1r,2.20,2006,1.0,0.101,2b1q.pdf,(CBI)
3gy2,1.57,2010,5.74,1.8e-06,3gy2.pdf,(BRN)
3exe,1.98,2008,6.96,1.1e-07,3exe.pdf,(TPP)
3umo,1.70,2012,3.89,0.000129,3umo.pdf,(ATP)
4m5g,1.31,2014,5.01,9.7e-06,4m5g.pdf,(YH1)
1d2e,1.94,1999,6.0,1e-06,1d2e.pdf,(GDP)
6r4s,2.75,2019,6.39,4.1e-07,6r4s.pdf,(ATP)
4k5n,1.91,2013,3.9,0.000127,4k3n.pdf,(1OU)
3iqq,2.01,2010,5.54,2.9e-06,3iqq.pdf,(12-mer)
1gca,1.70,1993,6.7,2.0000000000000002e-07,1gca.pdf,(GAL)
4k3o,2.00,2013,4.44,3.67e-05,4k3k.pdf,(6-mer)
5tp0,1.25,2017,5.44,3.66e-06,5tp0.pdf,(BRN)
4k3p,2.15,2013,5.8,1.6e-06,4k3k.pdf,(6-mer)
3ozs,1.44,2011,5.33,4.645e-06,3nw9.pdf,(OZS)
1ghy,1.85,2002,8.1,8e-09,1ghy.pdf,(121)
1k1m,2.20,2001,7.4,4e-08,1k1m.pdf,(FD4)
1c5q,1.43,2000,6.36,4.4e-07,1c5q.pdf,(ESI)
4csy,2.41,2014,3.06,0.000878,4c16.pdf,(SIA-MAG-GAL-FUC)
1x9d,1.41,2005,3.96,0.00011,1x9d.pdf,(SMD)
2zdn,1.98,2008,6.25,5.62e-07,2zdk.pdf,(49U)
1gui,1.90,2002,6.28,5.3e-07,1gui.pdf,(6-mer)
6g2m,1.37,2018,7.82,1.51e-08,6g2m.pdf,(O84)
1azx,2.90,1999,9.4,4e-10,1azx.pdf,(NTP)
2wq5,1.65,2010,3.74,0.00018,2wq5.pdf,(MIY)
5mno,.96,2018,3.84,0.000143,5mng.pdf,(MRZ)
6bh5,1.65,2018,6.6,2.5e-07,6bgu.pdf,(DNY)
4ly1,1.57,2013,7.26,5.52e-08,4lxz.pdf,(20Y)
1dhi,1.9,1994,7.26,5.5e-08,1dhi.pdf,(MTX)
2w47,1.40,2009,4.98,1.05e-05,2vzq.pdf,(UNF)
1fjs,1.92,2000,9.96,1.1e-10,1fjs.pdf,(Z34)
1udu,2.83,2004,9.05,9e-10,1udu.pdf,(CIA)
3tvc,2.43,2012,7.74,1.8e-08,3ts4.pdf,(E3P)
6FMN,1.36,2019,5.95,1.12e-06,6fmn.pdf,(E4E)
4b2d,2.30,2012,3.7,0.0002,4b2d.pdf,(SER)
4rd3,1.69,2015,6.47,3.400000000000001e-07,4rcy.pdf,(GDP)
1hn4,1.5,2001,3.82,0.00015,1hn4.pdf,(MJI)
6p83,1.7,2019,7.1,8e-08,6p83.pdf,(O3Y)
2qwd,2.00,1998,4.85,1.4e-05,2qwd.pdf,(4AM)
6p5o,1.49,2019,4.54,2.86e-05,6p5o.pdf,(O2Y)
1ec9,2.00,2000,3.1,0.0008,1ec9.pdf,(XYH)
1c5s,1.36,2000,6.0,1e-06,1c5s.pdf,(ESX)
6jdl,2.25,2019,4.89,1.3e-05,6j7e.pdf,(AGS)
2ccc,1.7,2006,7.76,1.757e-08,2ccc.pdf,(LFN)
3ckb,2.3,2008,2.98,0.00104,3ck7.pdf,(MLR)
4w5j,1.65,2014,7.24,5.7e-08,4w5j.pdf,(AP5)
2qv7,2.30,2008,3.66,0.000219,2qv7.pdf,(ADP)
2cbz,1.50,2006,3.93,0.000118,2cbz.pdf,(ATP)
5elf,1.55,2016,2.34,0.00457,5eld.pdf,(5-mer)
6gj5,1.50,2019,3.36,0.00044,6gj5.pdf,(F0N)
5nzf,1.75,2018,4.03,9.4e-05,5nwe.pdf,(G39)
1hvr,1.8,1995,9.51,3.1e-10,1hvr.pdf,(XK2)
1hq5,2.30,2001,5.65,2.2200000000000003e-06,1hq5.pdf,(S2C)
1mxl,NMR,1999,3.81,0.000154,1mxl.pdf,(17-mer)
2l98,NMR,2011,3.61,0.000243,2l98.pdf,(STL)
6cvv,2.41,2018,4.12,7.5e-05,6cvv.pdf,(ATP)
2qtn,2.40,2008,3.42,0.000382,2qtn.pdf,(NCN)
1d6n,2.70,1999,4.5,3.15e-05,1d6n.pdf,(PPO)
1d2s,1.55,2000,9.74,1.82e-10,1d2s.pdf,(DHT)
1nfy,2.1,2003,8.89,1.3e-09,1nfy.pdf,(RTR)
3t09,1.75,2012,3.8,0.00016,3t08.pdf,(149)
5mby,1.55,2017,3.51,0.00031,5mby.pdf,(PRO)
1hqg,2.00,2001,3.0,0.001,1hqg.pdf,(ORN)
1lvu,2.05,2003,5.32,4.8e-06,1lvu.pdf,(9PP)
4h4b,2.90,2012,2.7,0.002,4h4b.pdf,(11H)
2q2n,1.80,2008,6.48,3.3e-07,2q2n.pdf,(H01)
2ovv,2.0,2007,7.92,1.2e-08,2o8h.pdf,(PFH)
2gvd,2.90,2006,7.0,1e-07,2gvd.pdf,(128)
2zft,1.76,2009,6.52,3e-07,2zdk.pdf,(10U)
2zq1,1.68,2009,6.62,2.39e-07,2zdk.pdf,(11U)
1w25,2.70,2004,6.3,5e-07,1w25.pdf,(C2E)
1jrs,1.80,1996,6.4,4.0000000000000003e-07,1jrs.pdf,(3-mer)
3ga5,1.87,2009,5.49,3.2000000000000003e-06,3ga5.pdf,(RGG)
2d1n,2.37,2006,8.15,7e-09,2d1n.pdf,(FA4)
2yaz,2.40,2011,5.14,7.299999999999999e-06,2yay.pdf,(UMP)
4ydq,2.30,2015,6.52,3e-07,4ydq.pdf,(HFG)
1tnh,1.80,1994,3.37,0.00043,1tnh.pdf,(FBA)
3zcw,1.69,2013,6.19,6.5e-07,3zcw.pdf,(4A2)
6cve,2.20,2018,6.8,1.6e-07,6cve.pdf,(CTP)
5mi7,2.10,2017,7.11,7.7e-08,5mi4.pdf,(OAN)
6gxq,1.96,2019,7.1,7.940000000000002e-08,6gxq.pdf,(FFZ)
5uwp,2.05,2017,5.8,1.6e-06,5uwh.pdf,(19-mer)
3grj,2.49,2009,3.0,0.001,3gqz.pdf,(G14)
5tus,2.66,2017,4.43,3.74e-05,5tus.pdf,(7LL)
4m5n,2.00,2014,5.12,7.5e-06,4m5g.pdf,(YH7)
4rrf,1.70,2015,3.62,0.0002392,4rr6.pdf,(A3S)
4k5l,1.91,2013,4.96,1.1e-05,4k3n.pdf,(19N)
3lka,1.80,2010,2.82,0.0015,3lka.pdf,(M4S)
6cgt,2.60,1998,6.0,1e-06,6cgt.pdf,(6-mer)
2rvn,NMR,2016,6.77,1.7000000000000001e-07,2rvn.pdf,(18-mer)
4kva,2.14,2014,3.94,0.000115,4kv9.pdf,(GTP)
5wfw,2.29,2018,6.1,8.000000000000001e-07,5w44.pdf,(GYA)
3gxz,2.50,2009,7.89,1.3e-08,3gxz.pdf,(11-mer)
3zjc,3.15,2013,5.05,9e-06,3zjc.pdf,(GNP)
5m9w,1.21,2017,2.24,0.0057,5lvd.pdf,(7GR)
4k10,2.30,2014,6.92,1.195e-07,4jzb.pdf,(NI9)
1y3g,2.10,2006,7.4,4e-08,1y3g.pdf,(3-mer)
3hl8,1.55,2010,4.49,3.2e-05,3hl8.pdf,(BBP)
2vcb,2.20,2008,5.26,5.5e-06,2vc9.pdf,(OAN)
1pk0,3.30,2004,7.57,2.7e-08,1pk0.pdf,(EMA)
1ew8,2.20,2002,2.26,0.0055,1ew8.pdf,(PAE)
5uwj,2.22,2017,5.7,2e-06,5uwh.pdf,(15-mer)
1o2y,1.45,2003,5.85,1.4e-06,1o2y.pdf,(847)
3tcp,2.69,2012,8.37,4.3e-09,3tcp.pdf,(CKJ)
4czs,1.73,2015,5.0,1e-05,4czs.pdf,(5-mer)
1rdn,1.80,1996,1.84,0.0144,1rdn.pdf,(MAG)
5mnb,0.94,2017,2.48,0.0033,5mn1.pdf,(2AP)
2ovz,2.00,2007,7.89,1.3e-08,2ovx.pdf,(5MR)
2vvu,2.30,2009,8.1,8e-09,2vvc.pdf,(H22)
1qm4,2.66,2000,4.3,5e-05,1qm4.pdf,(AMB)
5mb1,1.65,2017,6.6,2.53e-07,5may.pdf,(7KT)
5ivj,1.57,2016,7.34,4.6e-08,5isl.pdf,(6ED)
6hle,1.99,2019,9.31,4.91e-10,6hlb.pdf,(6-mer)
1olu,1.90,2003,4.41,3.93e-05,1olu.pdf,(TDP)
1e34,1.80,2000,2.88,0.00132,1e34.pdf,(TPX)
6ee3,1.82,2018,6.86,1.37e-07,6ee3.pdf,(J4V)
5ael,2.60,2015,7.41,3.92e-08,5ael.pdf,(QAF)
3moh,2.10,2010,2.84,0.00146,3moe.pdf,(PGA)
2rke,1.80,2008,4.08,8.25e-05,2rk7.pdf,(SAT)
5n7g,2.95,2017,4.58,2.63e-05,5n7g.pdf,(7-mer)
5d21,1.9,2015,8.38,4.2e-09,5d21.pdf,(56N)
4zw6,1.9,2016,5.72,1.9e-06,4zw3.pdf,(4SY)
5yv5,2.10,2018,5.41,3.9e-06,5yv5.pdf,(18-mer)
1o35,1.41,2003,5.0,1e-05,1o35.pdf,(802)
6bh1,1.93,2018,7.22,6e-08,6bgu.pdf,(DQG)
5knt,2.55,2017,4.43,3.7e-05,5knt.pdf,(6WB)
2j4q,2.60,2007,4.46,3.5e-05,2j4h.pdf,(TTP)
5tqg,1.90,2017,9.62,2.4e-10,5tqe.pdf,(7KS)
2hu6,1.32,2006,3.81,0.000154,2hu6.pdf,(37A)
1tkc,2.70,1994,4.85,1.4e-05,1tkc.pdf,(M6T)
3cph,2.90,2008,6.48,3.3e-07,3cph.pdf,(GDP)
5wf3,2.25,2018,5.85,1.4e-06,5w44.pdf,(KU2)
2y3p,2.62,2010,5.89,1.3e-06,2wl2.pdf,(SM8)
2kff,NMR,2009,3.61,0.000245,2kff.pdf,(12-mer)
5agr,1.30,2016,5.43,3.7e-06,5agr.pdf,(A52)
3b24,1.7,2011,4.38,4.2e-05,3b24.pdf,(B2J)
4nga,2.15,2014,7.77,1.7e-08,4nga.pdf,(2KF)
1ajp,2.31,1997,2.23,0.0058499999999999,1ajp.pdf,(OMD)
4ipj,2.15,2013,4.87,1.35e-05,4ipi.pdf,(LMR)
1bzy,2.0,1999,8.34,4.6e-09,1bzy.pdf,(IMU)
1tq4,1.95,2004,6.19,6.4e-07,1tq4.pdf,(GDP)
2wca,2.30,2009,5.6,2.5e-06,2wca.pdf,(NP6)
5ne5,1.05,2017,7.41,3.9e-08,5ne5.pdf,(KIF)
2boj,1.8,2006,5.77,1.7e-06,2boj.pdf,(ARW)
6jdi,1.95,2019,5.11,7.8e-06,6j7e.pdf,(AGS)
5brn,2.30,2015,6.3,5e-07,5brn.pdf,(4X2)
6hkx,2.80,2019,9.34,4.563e-10,6hkx.pdf,(GCE)
5vll,2.37,2017,6.37,4.3e-07,5vl7.pdf,(14-mer)
1v2n,1.8,2004,5.9,1.25e-06,1v2n.pdf,(BBA)
1dqn,1.75,2000,8.0,1e-08,1dqn.pdf,(IMU)
3ioi,1.45,2010,6.28,5.3e-07,3ioi.pdf,(1GW)
4ymg,1.90,2015,4.68,2.1e-05,4ymg.pdf,(SAM)
5oqu,2.32,2018,3.61,0.000244,5oqu.pdf,(A4B)
2fxu,1.35,2006,8.15,7e-09,2fxu.pdf,(BID)
6hp0,1.88,2019,4.92,1.2e-05,6hp0.pdf,(GJT)
4h7q,2.1,2013,5.06,8.8e-06,4h7q.pdf,(COI)
3pty,2.00,2010,5.44,3.65e-06,3pty.pdf,(AFO)
1o33,1.46,2003,5.74,1.8e-06,1o33.pdf,(801)
3ehx,1.9,2009,7.6,2.5e-08,3ehx.pdf,(BDL)
1k03,2.70,2001,6.0,1e-06,1k03.pdf,(HBA)
4zo5,2.5,2015,9.82,1.5e-10,4zo5.pdf,(4Q0)
1rdi,1.80,1996,2.06,0.0088,1rdi.pdf,(MFU)
6cyh,1.49,2019,3.15,0.000708,6cyg.pdf,(N5A)
1mns,2.00,1993,4.17,6.7e-05,1mns.pdf,(APG)
2dw7,2.5,2006,4.7,2e-05,2dw7.pdf,(SRT)
4fr3,1.90,2013,7.15,7e-08,3ux0.pdf,(6-mer)
4x0f,3.22,2015,7.0,1.01e-07,4x0f.pdf,(ROL)
2pnc,2.40,2008,3.33,0.000466,2pnc.pdf,(CLU)
5orv,1.88,2017,2.89,0.001297,5orl.pdf,(A65)
4oc2,1.65,2014,8.28,5.2999999999999995e-09,4oc0.pdf,(2QQ)
4ab9,1.20,2012,3.33,0.000466,4ab8.pdf,(VXQ)
4n9a,1.90,2013,4.19,6.4e-05,4n94.pdf,(2J2)
3lp4,1.9,2010,4.88,1.31e-05,3lp4.pdf,(LYS)
3zvt,3.10,2012,5.92,1.2e-06,2y4a.pdf,(B07)
2zdk,1.67,2008,6.37,4.28e-07,2zdk.pdf,(50U)
4na9,2.24,2014,7.39,4.1e-08,4na7.pdf,(1T7)
2d2v,2.50,2006,1.0,0.1,2b1q.pdf,(MAL)
4k42,2.90,2014,6.55,2.85e-07,4k41.pdf,(NWM)
4gkm,1.67,2013,5.17,6.8e-06,4giu.pdf,(683)
6aad,1.44,2019,2.79,0.00162,6aac.pdf,(9TU)
1udt,2.30,2004,9.3,5e-10,1udt.pdf,(VIA)
1v2p,1.92,2004,4.73,1.845e-05,1v2p.pdf,(ANH)
5uwk,1.60,2017,8.64,2.3e-09,5uwk.pdf,(8OM)
3ump,1.85,2012,2.99,0.001026,3umo.pdf,(ATP)
3if7,1.60,2010,7.21,6.1e-08,3if7.pdf,(SPU)
1lhv,2.00,2002,8.91,1.2299999999999999e-09,1lhv.pdf,(NOG)
2q80,2.70,2007,4.6,2.5e-05,2q80.pdf,(GRG)
2x2r,2.20,2011,7.12,7.620000000000002e-08,2x2r.pdf,(X2O)
3t08,2.00,2012,3.04,0.00091,3t08.pdf,(IPT)
4b5s,1.68,2012,3.49,0.00032,4b5s.pdf,(PYR)
3sl1,1.90,2011,3.59,0.00026,3gmz.pdf,(FB6)
3n7h,1.60,2011,4.5,3.13e-05,3n7h.pdf,(DE3)
3au6,3.30,2012,7.92,1.2e-08,3au6.pdf,(DG3)
4wke,1.62,2014,8.1,8e-09,4wk7.pdf,(3PU)
6hld,2.10,2019,9.21,6.18e-10,6hlb.pdf,(7-mer)
3ll8,2.00,2011,6.4,4.0000000000000003e-07,3ll8.pdf,(11-mer)
1z4n,1.97,2005,4.52,3e-05,1z4n.pdf,(GL1)
2lwi,NMR,2013,3.11,0.000773,2lwi.pdf,(KOB)
1f2p,1.80,2001,1.9,0.0127,1f2p.pdf,(PHE)
6epa,1.82,2018,5.95,1.13e-06,6epa.pdf,(BNQ)
4ufh,2.16,2015,6.42,3.8e-07,4ufh.pdf,(GIF)
1ppc,1.80,1994,6.16,6.9e-07,1ppc.pdf,(MID)
3mg4,3.11,2011,9.3,5e-10,3mg0.pdf,(LXT)
4ufm,2.4,2015,3.72,0.00019,4ufh.pdf,(DGJ)
6en5,1.75,2017,7.94,1.145e-08,6en5.pdf,(BJ2)
2wji,1.90,2009,5.02,9.6e-06,2wjg.pdf,(GNP)
5wfm,2.25,2018,6.52,3e-07,5w44.pdf,(KU5)
4z7q,2.70,2015,4.29,5.09e-05,4z7n.pdf,(5-mer)
4ks4,2.5,2013,7.14,7.2e-08,4ks1.pdf,(1SN)
4umc,2.34,2014,3.44,0.00036,4uma.pdf,(PEQ)
4tmn,1.7,1989,10.17,6.800000000000001e-11,4tmn.pdf,(0PK)
6aec,1.72,2019,6.15,7.1e-07,6aec.pdf,(ATP)
4cpz,2.20,2014,7.68,2.085e-08,4cpm.pdf,(ZMR)
1it6,2.00,2002,8.39,4.0999999999999995e-09,1it6.pdf,(CYU)
4abh,1.25,2012,4.15,7.1e-05,4ab8.pdf,(7Z3)
1k1n,2.0,2001,6.82,1.53e-07,1k1n.pdf,(CCR)
4h81,2.05,2013,5.12,7.5e-06,4h81.pdf,(WJ2)
4qfs,3.55,2014,6.05,9.000000000000001e-07,4qfg.pdf,(32H)
4ktu,1.35,2014,6.16,6.85e-07,4kts.pdf,(14-mer)
5g5z,2.01,2017,5.66,2.2e-06,5g5z.pdf,(DQR)
2jkp,1.99,2008,4.23,5.9e-05,2jke.pdf,(CTS)
6apu,1.84,2018,4.87,1.3460000000000002e-05,6aps.pdf,(3L6)
1tmm,1.25,2005,6.64,2.3000000000000002e-07,1tmm.pdf,(APC)
4uof,2.10,2014,4.84,1.46e-05,4uof.pdf,(DAT)
3mle,2.80,2010,5.24,5.8e-06,3mle.pdf,(ADP)
1hv5,2.60,2001,8.3,5e-09,1hv5.pdf,(RXP)
6hhp,1.80,2019,7.49,3.2e-08,6hhp.pdf,(8-mer)
6czd,2.40,2018,3.85,0.00014,6czd.pdf,(ADP)
2cf8,1.3,2006,8.1,8e-09,2cf8.pdf,(ESH)
4ks3,2.60,2013,6.37,4.3e-07,4ks1.pdf,(1SL)
4q3u,2.50,2014,6.44,3.6e-07,4q3q.pdf,(NNH)
5wap,2.20,2018,6.52,3e-07,5w44.pdf,(KU9)
5os3,1.81,2017,2.43,0.003753,5orl.pdf,(A7N)
3ftq,2.90,2009,5.33,4.7e-06,3ftq.pdf,(GNP)
5mng,.86,2018,4.68,2.07e-05,5mng.pdf,(BAM)
5ork,2.14,2018,3.63,0.000234,5oqu.pdf,(A4T)
5aix,2.10,2015,7.92,1.2e-08,5ais.pdf,(KRX)
3aas,1.75,2010,4.51,3.1e-05,3aas.pdf,(GUS)
4ym4,3.12,2015,4.47,3.3600000000000004e-05,4ym4.pdf,(12-mer)
3vhc,1.41,2012,8.89,1.3e-09,3vha.pdf,(VHC)
5jvi,1.12,2016,6.51,3.1e-07,5js3.pdf,(6QC)
4abf,1.30,2012,4.62,2.4e-05,4ab8.pdf,(513)
4xqb,1.60,2015,3.79,0.0001634,4k6t.pdf,(425)
4k3q,1.85,2013,3.94,0.0001150999999999,4k3k.pdf,(6-mer)
5w3i,1.95,2017,5.8,1.6e-06,5w3i.pdf,(GY5)
7std,1.8,1999,10.72,1.9e-11,7std.pdf,(CRP)
3mkn,2.00,2010,4.12,7.6e-05,3mkn.pdf,(DNB)
5knr,2.86,2017,5.85,1.4e-06,5knr.pdf,(3L5)
1mn9,2.90,2003,4.62,2.4e-05,1mn9.pdf,(RTP)
4ufj,2.2,2015,4.28,5.2e-05,4ufh.pdf,(IF7)
4ngt,2.31,2014,8.41,3.88e-09,4ngt.pdf,(J42)
3lmk,2.44,2010,5.94,1.16e-06,3lmk.pdf,(GLU)
1osg,3.00,2003,7.52,3e-08,1osg.pdf,(12-mer)
1f0s,2.10,2000,7.74,1.8e-08,1f0s.pdf,(PR2)
1o2n,1.50,2003,6.09,8.100000000000001e-07,1o2n.pdf,(762)
3n23,4.60,2011,8.52,3e-09,3n23.pdf,(OBN)
3e6k,2.10,2008,5.15,7e-06,3e6k.pdf,(ABH)
6d5g,1.92,2018,6.6,2.5e-07,6d55.pdf,(FVD)
6c3u,1.85,2018,5.4,4e-06,5wep.pdf,(NY2)
6q30,1.50,2019,5.52,3e-06,6ibs.pdf,(HCH)
5vlh,2.86,2017,6.8,1.6e-07,5vl7.pdf,(14-mer)
5h5o,2.12,2017,6.56,2.74e-07,4kg1.pdf,(PCG)
3ao1,1.90,2011,2.26,0.0055,3ao1.pdf,(BZX)
3b78,2.50,2008,4.1,8e-05,2zit.pdf,(NAD)
3lp7,2.04,2010,5.44,3.6000000000000003e-06,3kv2.pdf,(HAR)
5mnh,.93,2018,4.68,2.07e-05,5mng.pdf,(BAM)
2bq6,3.00,2006,10.15,7e-11,2bq6.pdf,(IIB)
1ex8,1.85,2001,6.33,4.700000000000001e-07,1ex8.pdf,(A4P)
5etv,1.72,2016,6.24,5.699999999999999e-07,5etk.pdf,(5RZ)
1pun,NMR,2003,7.28,5.2e-08,1pun.pdf,(8OG)
5obj,2.90,2017,4.78,1.65e-05,5obj.pdf,(9QK)
3rzi,1.95,2012,5.33,4.7e-06,3rzi.pdf,(TRP)
1qpb,2.40,2000,1.36,0.044,1qpb.pdf,(PYM)
6d50,2.50,2018,5.05,9e-06,6d41.pdf,(GCB)
1ele,2.0,1995,6.85,1.4e-07,1ele.pdf,(0QN)
4ko8,1.98,2013,7.15,7e-08,4kln.pdf,(AGS)
6f9r,1.85,2018,4.97,1.06e-05,6f9r.pdf,(D0W)
2f89,2.60,2006,6.48,3.31e-07,2f89.pdf,(210)
2w0s,2.92,2008,3.3,0.0005,2v54.pdf,(BVP)
2wf5,1.30,2009,6.0,1e-06,2wf5.pdf,(BG6)
2ioa,2.80,2006,5.49,3.2000000000000003e-06,2ioa.pdf,(GGA)
4owm,1.99,2014,2.96,0.00109,4n5v.pdf,(3F0)
5w4s,NMR,2018,4.03,9.4e-05,5w4s.pdf,(12-mer)
4avs,1.4,2013,3.49,0.000322,4avs.pdf,(N7P)
6p86,1.8,2019,4.7,2e-05,6p83.pdf,(O4S)
2vwn,1.61,2009,8.0,1e-08,2vvc.pdf,(H25)
5el2,1.75,2016,4.47,3.4e-05,5el2.pdf,(KBR)
4k3m,1.85,2013,3.55,0.0002812,4k3k.pdf,(5-mer)
4fp1,1.68,2013,4.57,2.7e-05,4fp1.pdf,(BFM)
6fa4,2.02,2018,7.29,5.0999999999999993e-08,5ocg.pdf,(D1W)
6epz,1.80,2018,7.14,7.2e-08,6epy.pdf,(MLB)
1bcj,2.10,1998,3.7,0.0002,1bcj.pdf,(NGA)
1jn2,1.90,2003,4.09,8.2e-05,1jn2.pdf,(SFP)
1els,2.40,1994,10.82,1.5e-11,1els.pdf,(PAH)
4nku,1.94,2013,4.67,2.13e-05,4nkt.pdf,(2-mer)
1b8y,2.00,1999,7.85,1.4e-08,1b8y.pdf,(IN7)
4k6t,2.00,2014,4.1,7.86e-05,4k6t.pdf,(1P0-SIA)
5os1,1.90,2017,3.31,0.000494,5orl.pdf,(A7H)
1b8o,1.5,1999,10.64,2.3e-11,1b8o.pdf,(IMH)
4m5m,1.12,2014,4.74,1.8e-05,4m5g.pdf,(DX4)
4ks2,2.60,2013,9.34,4.6e-10,4ks1.pdf,(1SJ)
5cr7,2.90,2016,3.1,0.00079,5cr7.pdf,(5WO)
1qbs,1.80,1997,9.47,3.4e-10,1qbs.pdf,(DMP)
4dsu,1.70,2012,2.82,0.0015,4dsn.pdf,(BZI)
3qxh,1.36,2011,5.24,5.8e-06,3mle.pdf,(ADP)
1gx0,1.80,2003,4.22,6e-05,1gx0.pdf,(UDP)
6b96,1.88,2017,7.84,1.43e-08,6b96.pdf,(CZV)
4abj,1.45,2012,7.47,3.4e-08,4abi.pdf,(13-mer)
5lif,1.31,2016,5.87,1.34e-06,5lif.pdf,(6XO)
6dys,2.30,2019,4.25,5.64e-05,6dys.pdf,(HJ1)
5etn,1.40,2016,5.37,4.3e-06,5etk.pdf,(5RX)
2xtn,1.90,2010,7.4,4e-08,2xtm.pdf,(GTP)
4y63,1.30,2015,3.58,0.000261,4y63.pdf,(48O)
6jon,2.34,2019,4.88,1.32e-05,6jon.pdf,(DTP)
5dkn,1.53,2016,3.69,0.0002026,5dkn.pdf,(B7I)
3hig,2.09,2009,7.89,1.3e-08,3hig.pdf,(BRN)
3ut5,2.73,2012,5.74,1.8e-06,3ut5.pdf,(4-mer)
2yay,1.86,2011,6.1,8.000000000000001e-07,2yay.pdf,(DUP)
5isl,1.69,2016,7.28,5.2e-08,5isl.pdf,(MMK)
4k8o,2.65,2014,3.77,0.00017,4k8o.pdf,(ATP)
3gk2,1.98,2009,2.7,0.002,3gk1.pdf,(27A)
2r1y,1.60,2008,4.51,3.1e-05,2r1w.pdf,(2-mer)
4k5m,1.75,2013,3.71,0.000193,4k3n.pdf,(1OV)
3o56,2.42,2011,9.1,7.94e-10,3o56.pdf,(ZG1)
5fom,2.10,2016,5.01,9.8e-06,5fog.pdf,(A2H)
1g3c,1.80,2001,5.8,1.6e-06,1g3c.pdf,(109)
1nfu,2.05,2003,7.74,1.8e-08,1nfu.pdf,(RRP)
4q3r,2.17,2014,6.27,5.4e-07,4q3q.pdf,(XA2)
4ncn,1.87,2014,5.67,2.12e-06,4n3g.pdf,(GTP)
5a3s,3.30,2016,8.68,2.1e-09,5a3q.pdf,(128)
6hlb,2.00,2019,10.27,5.38e-11,6hlb.pdf,(9-mer)
6f3f,2.42,2017,4.52,3e-05,6f3f.pdf,(ADP)
5n3y,1.34,2017,5.03,9.32e-06,5mnr.pdf,(8L2)
5orw,2.0,2017,3.1,0.000796,5orl.pdf,(A6E)
4rao,1.87,2015,6.0,1e-06,4rab.pdf,(3L7)
3n2u,1.81,2010,7.84,1.43e-08,3n2u.pdf,(D3X)
3lir,1.90,2010,6.92,1.19e-07,3lik.pdf,(EEC)
2vwl,1.8,2009,7.02,9.5e-08,2vvc.pdf,(LZH)
4mjq,1.73,2013,3.71,0.000193,4mjp.pdf,(27R)
6e4w,3.35,2018,6.7,1.978e-07,6e4t.pdf,(HUG)
1u0h,2.90,2004,6.96,1.1e-07,1u0h.pdf,(ONM)
6np4,1.15,2019,4.44,3.6e-05,6np2.pdf,(TOY)
5ajp,1.65,2015,5.3,5e-06,5ajn.pdf,(17-mer)
3zcz,2.60,2013,6.77,1.7000000000000001e-07,3zcz.pdf,(TFR)
5l9g,1.75,2016,7.7,1.9800000000000002e-08,5l9g.pdf,(MO0)
4elf,2.30,2013,8.03,9.4e-09,4elb.pdf,(35I)
5l30,1.73,2016,9.14,7.2e-10,5l2y.pdf,(70A)
5dh4,2.20,2016,7.24,5.8e-08,5dh4.pdf,(5AV)
6hh5,1.95,2018,4.27,5.42e-05,6g1p.pdf,(A3R)
5e2q,2.40,2016,5.79,1.64e-06,5e2q.pdf,(8-mer)
3k5i,2.00,2009,4.7,2e-05,3k5h.pdf,(AIR)
5w92,2.30,2018,7.7,2e-08,5w44.pdf,(KU0)
3c7n,3.12,2008,6.7,2.0000000000000002e-07,3c7n.pdf,(ADP)
6m8w,1.10,2018,6.22,6e-07,1kdv.pdf,(4-mer)
5dif,2.09,2015,6.23,5.9e-07,5dh9.pdf,(15-mer)
1gbt,2.00,1994,2.0,0.01,1gbt.pdf,(GBS)
6aaq,1.55,2019,2.41,0.0039,6aac.pdf,(9U9)
3kek,1.97,2010,8.36,4.4000000000000005e-09,3kec.pdf,(3EK)
2k7l,NMR,2009,6.15,7e-07,2k7l.pdf,(19-mer)
5ltn,1.88,2017,5.27,5.38e-06,5ltn.pdf,(XI7)
3t2p,2.60,2012,3.6,0.00025,3t08.pdf,(IPT)
6r1b,2.27,2019,5.44,3.6000000000000003e-06,6r1b.pdf,(CH5)
6iot,2.70,2019,5.24,5.7000000000000005e-06,6iop.pdf,(ARG)
3aau,1.80,2010,5.05,9e-06,3aas.pdf,(GZC)
3tvx,2.84,2012,4.14,7.2e-05,3tvx.pdf,(PNX)
2pll,1.90,2007,8.3,5e-09,2pll.pdf,(ABH)
4cpy,1.8,2014,6.31,4.913500000000001e-07,4cpm.pdf,(G39)
3vd9,2.05,2012,4.0,0.0001,3vd4.pdf,(IPT)
2j3q,2.80,2007,6.15,7e-07,2j3q.pdf,(TFL)
1mrn,2.45,2003,4.52,3e-05,1mrn.pdf,(T5A)
4pvy,2.05,2015,6.71,1.97e-07,4pvx.pdf,(JD1)
4ayt,2.85,2012,3.7,0.0002,4ayt.pdf,(ACP)
2jst,NMR,2008,2.59,0.0026,2jst.pdf,(HLT)
3mfv,1.9,2010,2.52,0.003,3mfv.pdf,(Z70)
3uu1,1.82,2012,5.2,6.3e-06,3qqs.pdf,(14B)
4eol,2.40,2013,6.05,8.900000000000001e-07,4eoi.pdf,(1RO)
1lvk,1.90,1998,5.92,1.2e-06,1lvk.pdf,(MNT-BEF)
1wc1,1.93,2004,4.0,0.0001,1wc1.pdf,(TAT)
5uv2,2.20,2017,4.4,3.95e-05,5uv1.pdf,(LA6)
1t5f,2.20,2005,4.22,6e-05,1t5f.pdf,(DHH)
5c1w,1.7,2015,5.06,8.7e-06,5c1w.pdf,(4XS)
3iaf,2.80,2010,2.92,0.0012,3iae.pdf,(TPP)
2ccb,1.65,2006,7.45,3.576e-08,2ccb.pdf,(RBF)
3ebb,1.90,2009,5.3,5e-06,3ebb.pdf,(10-mer)
6ee4,1.58,2018,6.69,2.02e-07,6ee4.pdf,(J4S)
3t0b,2.40,2012,4.3,5e-05,3t08.pdf,(IPT)
4hnc,1.89,2013,3.17,0.00067,4fp1.pdf,(0UT)
1tmn,1.90,1989,7.3,5e-08,1tmn.pdf,(0ZN)
1b8n,2.00,1999,10.52,3e-11,1b8n.pdf,(IMG)
2fx6,1.57,2006,3.7,0.0002,2fx6.pdf,(270)
2fhy,2.95,2006,5.96,1.1e-06,2fhy.pdf,(A37)
2pwd,1.80,2007,4.4,4e-05,2pwd.pdf,(NOJ)
6eqx,1.99,2018,10.47,3.3700000000000004e-11,6eqv.pdf,(6-mer)
1m6p,1.80,1999,5.1,8e-06,1m6p.pdf,(M6P)
4k6u,1.90,2014,4.14,7.28e-05,4k6t.pdf,(1P4-SIA)
2vpn,1.55,2008,6.72,1.9e-07,2vpn.pdf,(4CS)
1vzq,1.54,2005,7.44,3.6e-08,1vzq.pdf,(SHY)
5laq,2.4,2018,9.2,6.3e-10,5g2b.pdf,(6M5)
4usi,1.45,2014,4.41,3.89e-05,4usi.pdf,(AKG)
1o2t,1.62,2003,7.85,1.4e-08,1o2t.pdf,(783)
5apr,2.10,1991,7.77,1.7e-08,5apr.pdf,(9-mer)
4ngq,2.08,2014,8.8,1.57e-09,4ngq.pdf,(J37)
2rk7,1.90,2008,4.05,8.9e-05,2rk7.pdf,(OXL)
2xn6,1.29,2011,8.8,1.6e-09,2xn3.pdf,(F6Y-T44)
2ael,2.50,2005,6.29,5.1e-07,2ael.pdf,(SAZ)
6p87,1.9,2019,4.6,2.54e-05,6p83.pdf,(O4P)
2pze,1.70,2007,6.08,8.4e-07,2pze.pdf,(ATP)
4aci,1.65,2012,2.22,0.006,4aci.pdf,(CIT)
6hzc,1.90,2019,8.93,1.1699999999999999e-09,6hlb.pdf,(6-mer)
3h9f,2.60,2009,7.92,1.2e-08,3cek.pdf,(92M)
1we2,2.30,2005,4.36,4.4e-05,1we2.pdf,(DHK)
6dxl,2.45,2018,5.8,1.6e-06,6dxg.pdf,(HG4)
6aps,1.76,2018,6.66,2.2e-07,6aps.pdf,(SV2)
3alt,2.50,2011,2.92,0.0011899999999999,3alt.pdf,(MLB)
6q92,1.50,2019,6.1,7.97e-07,6q92.pdf,(ABH)
5jsq,1.50,2016,4.67,2.13e-05,5jsq.pdf,(6MS)
4ayr,1.10,2013,7.0,9.9e-08,4ayp.pdf,(IFL)
3qxc,1.34,2011,5.77,1.7e-06,3mle.pdf,(ATP)
4ea2,2.05,2012,6.44,3.6e-07,4e9u.pdf,(RWZ)
1o32,1.78,2003,5.74,1.8e-06,1o32.pdf,(801)
6ipl,1.64,2019,3.82,0.000153,6aec.pdf,(DTP)
2lgf,NMR,2012,5.57,2.7e-06,2lgf.pdf,(15-mer)
1z2b,4.10,2005,6.4,4.0000000000000003e-07,1z2b.pdf,(VLB)
1qb6,1.8,2000,6.06,8.7e-07,1qb6.pdf,(623)
2zkj,2.0,2008,5.48,3.3e-06,2zkj.pdf,(ADP)
1r0x,2.20,2003,3.83,0.000149,1r0x.pdf,(ATP)
4jn4,2.30,2013,5.86,1.38e-06,4jn4.pdf,(ATP)
2vpo,1.80,2008,5.42,3.8e-06,2vpn.pdf,(6CS)
6om4,1.70,2019,5.45,3.58e-06,6om4.pdf,(7-mer)
5hj9,1.28,2016,5.85,1.4e-06,5hj9.pdf,(X7A)
1nfx,2.15,2003,8.52,3e-09,1nfx.pdf,(RDR)
3ocz,1.35,2011,7.46,3.5e-08,3ocz.pdf,(SRA)
2j34,2.01,2006,7.82,1.5e-08,2j34.pdf,(GS6)
4h85,2.10,2013,5.15,7e-06,4h85.pdf,(HRI)
3ncr,1.44,2010,4.11,7.75e-05,3ncq.pdf,(ADP)
1atl,1.80,1995,6.28,5.2e-07,1atl.pdf,(SLE-TYR)
6czb,2.4,2018,4.33,4.7e-05,6czb.pdf,(UTP)
6pxc,1.60,2019,6.47,3.35e-07,6pxc.pdf,(14-mer)
4mn3,1.54,2014,5.75,1.77e-06,4mn3.pdf,(7-mer)
6iht,1.57,2019,5.21,6.2e-06,6iht.pdf,(3-mer)
4b7n,2.84,2012,8.78,1.6499999999999999e-09,4b7j.pdf,(ZMR)
3cke,2.40,2008,6.1,8.000000000000001e-07,3bnx.pdf,(FDF)
2haw,1.75,2006,4.92,1.2e-05,2haw.pdf,(2PN)
6ia7,2.30,2019,5.7,2e-06,6ia7.pdf,(GTP)
5knv,2.86,2017,4.87,1.34e-05,5knv.pdf,(6W9)
5z5f,2.1,2018,2.17,0.0068,5z5f.pdf,(FUB)
5c28,1.56,2015,5.66,2.2e-06,5c1w.pdf,(4XV)
5mo2,1.50,2018,3.84,0.000143,5mng.pdf,(D86)
4rcg,2.60,2015,5.03,9.3e-06,4r43.pdf,(GDP)
2boh,2.20,2006,8.52,3e-09,2boh.pdf,(IIA)
1xd0,2.0,2004,7.12,7.5e-08,1xd0.pdf,(ARE)
3r88,1.73,2012,4.82,1.5e-05,3qqs.pdf,(14F)
4yik,1.48,2015,6.89,1.28e-07,4yik.pdf,(2O2)
4pf5,2.04,2014,5.48,3.3e-06,4pf5.pdf,(M3N)
3std,1.65,1999,11.11,7.7e-12,3std.pdf,(MQ0)
5hja,1.65,2016,5.96,1.1e-06,5hja.pdf,(XA2)
1rev,2.60,1996,7.48,3.3e-08,1rev.pdf,(TB9)
6en6,1.80,2018,7.94,1.145e-08,6en6.pdf,(BJ2)
6hmt,1.10,2019,7.04,9.2e-08,6hhp.pdf,(8-mer)
4i3z,2.05,2012,4.29,5.13e-05,4i3z.pdf,(ADP)
6fi5,1.70,2018,5.52,3e-06,6fau.pdf,(8-mer)
1ai7,2.5,1997,4.09,8.2e-05,1ai7.pdf,(IPH)
5zo9,2.70,2018,8.2,6.3e-09,5zo9.pdf,(4C5)
3qin,1.70,2011,6.87,1.36e-07,3qin.pdf,(P1Y)
6pia,1.75,2019,4.96,1.1e-05,6phr.pdf,(XS6)
1mau,2.15,2003,11.3,5e-12,1mau.pdf,(ATP)
4cae,1.46,2014,7.74,1.8e-08,4cae.pdf,(3F3)
1y3n,1.6,2005,5.55,2.8e-06,1y3n.pdf,(2-mer)
2jkh,1.25,2009,8.05,9e-09,2jkh.pdf,(BI7)
4gue,1.8,2013,5.24,5.8e-06,4gue.pdf,(QCT)
1y3v,1.6,2005,5.64,2.3e-06,1y3v.pdf,(UIR)
3a3y,2.80,2009,9.15,7e-10,3a3y.pdf,(OBN)
4kax,1.85,2013,4.77,1.7e-05,4kax.pdf,(GTP)
3fee,1.56,2009,6.64,2.3e-07,3fec.pdf,(QUS)
4dff,2.11,2012,7.46,3.5e-08,4dff.pdf,(0JP)
3ryw,2.90,2012,6.24,5.7e-07,3rbm.pdf,(K9H)
4yt6,2.07,2015,7.96,1.1e-08,4yt6.pdf,(4JY)
4gqq,1.35,2012,2.89,0.0013,4gqq.pdf,(0XR)
4mfe,2.61,2013,2.27,0.0054,4mfe.pdf,(3PY)
3q7q,2.3,2011,5.65,2.256e-06,3q72.pdf,(GNP)
1ql9,2.30,2000,5.35,4.450000000000001e-06,1ql9.pdf,(ZEN)
1v2v,1.80,2004,3.37,0.000427,1v2v.pdf,(BEN)
6fac,2.05,2018,6.75,1.79e-07,6fa5.pdf,(ADP)
4zx8,2.70,2016,7.1,8e-08,4zw3.pdf,(4TY)
1bma,1.80,1995,4.59,2.6e-05,1bma.pdf,(0QH)
1yp9,2.1,2006,5.11,7.7e-06,1yp9.pdf,(UIZ)
1v11,1.95,2004,3.98,0.0001048,1v11.pdf,(TDP)
5gmv,2.25,2017,6.23,5.9e-07,5gmv.pdf,(8-mer)
4lh3,1.81,2013,1.52,0.03,4lh2.pdf,(GUA)
3f18,1.13,2008,7.4,3.95e-08,3f15.pdf,(HS5)
1o37,1.45,2003,6.82,1.5e-07,1o37.pdf,(653)
1auj,2.10,1998,8.25,5.6e-09,1auj.pdf,(PPB)
4h5e,2.04,2012,6.07,8.6e-07,4h5c.pdf,(IPR)
1ux7,1.50,2004,3.0,0.001,1ux7.pdf,(3-mer)
6quv,1.48,2019,3.0,0.001,6quu.pdf,(JJN)
1j14,2.4,2002,4.49,3.2200000000000003e-05,1j14.pdf,(BEN)
6g02,1.84,2019,7.62,2.4e-08,6g01.pdf,(EF8)
4yih,1.82,2015,4.66,2.17e-05,4yih.pdf,(2O2)
5eto,1.07,2016,5.57,2.7e-06,5etk.pdf,(5RY)
1nj5,2.80,2003,7.3,5e-08,1nj5.pdf,(P5A)
5jan,2.12,2016,3.01,0.00098,5jad.pdf,(6HP)
5x9h,3.60,2017,3.76,0.000172,5x9g.pdf,(ATP)
3d94,2.30,2008,6.8,1.57e-07,3d94.pdf,(D94)
1nc6,1.90,2003,8.0,1e-08,1nc6.pdf,(ABB)
4fmo,3.04,2013,5.53,2.94e-06,4e4w.pdf,(8-mer)
6g2n,1.40,2018,7.14,7.2e-08,6g2n.pdf,(O84)
3rsr,2.30,2012,4.36,4.4e-05,3rsr.pdf,(N5P)
5kez,1.83,2017,8.15,7e-09,5kez.pdf,(11-mer)
6d9s,2.11,2019,5.96,1.1e-06,6d9r.pdf,(G4P)
6fnq,1.75,2018,4.59,2.6e-05,6fnq.pdf,(AVJ)
1dhj,1.80,1994,6.55,2.81e-07,1dhj.pdf,(MTX)
5j32,1.93,2016,5.08,8.3e-06,5j32.pdf,(IPM)
4uma,1.76,2014,5.41,3.9e-06,4uma.pdf,(GZ3)
5yvt,2.40,2018,3.96,0.000109,5yvt.pdf,(NAI)
1zdp,1.7,2005,5.74,1.8e-06,1zdp.pdf,(TIO)
4zw3,1.80,2016,7.57,2.7e-08,4zw3.pdf,(4S9)
4ayx,2.90,2012,3.7,0.0002,4ayt.pdf,(ACP)
6p8a,1.8,2019,3.59,0.000255,6p83.pdf,(O4D)
1tkb,2.3,1994,8.0,1e-08,1tkb.pdf,(N1T)
6eaa,1.65,2018,6.09,8.18e-07,6eaa.pdf,(J1V)
5fv7,2.84,2016,6.74,1.82e-07,5fv7.pdf,(R3Z)
1lhu,1.80,2002,8.83,1.48e-09,1lhu.pdf,(EST)
6bgz,1.69,2018,6.39,4.1e-07,6bgu.pdf,(DNV)
5l8c,2.01,2018,7.0,1e-07,5g2b.pdf,(908)
3rbm,2.61,2012,6.57,2.7e-07,3rbm.pdf,(B73)
1ro6,2.0,2004,6.46,3.5e-07,1ro6.pdf,(ROL)
4ks5,2.70,2013,6.89,1.3e-07,4ks1.pdf,(1SO)
5fsb,1.65,2017,2.22,0.006,5fsb.pdf,(6YR)
3k39,2.54,2010,8.08,8.300000000000002e-09,3k37.pdf,(BCZ)
